Date,Open,High,Low,Close,Adj Close,Volume,ts_polarity,twitter_volume
2016-01-04,25.6525,26.342501000000002,25.5,26.3375,24.364535999999998,270597600,0.0703887781058001,1133
2016-01-05,26.4375,26.4625,25.602501,25.6775,23.753977,223164000,0.13363478990194652,1430
2016-01-06,25.139999,25.592501000000002,24.967501000000002,25.174999,23.289116,273829600,0.07204193579609786,1949
2016-01-07,24.67,25.032498999999998,24.1075,24.112499,22.306207999999998,324377600,0.07436947959090122,2289
2016-01-08,24.637501,24.7775,24.190001000000002,24.24,22.424154,283192000,0.05159477395411488,2235
2016-01-11,24.7425,24.764999,24.334999,24.6325,22.787257999999998,198957600,0.01944324968507005,1222
2016-01-12,25.137501,25.172501,24.709999,24.99,23.117975,196616800,0.12136357116938168,1293
2016-01-13,25.08,25.297501,24.325001,24.3475,22.523605,249758400,0.10771386594060237,1292
2016-01-14,24.49,25.120001000000002,23.934998999999998,24.879998999999998,23.016216,252680400,0.039248107597894655,1264
2016-01-15,24.049999,24.4275,23.84,24.282498999999998,22.463472,319335600,0.09378402846369974,1336
2016-01-19,24.602501,24.6625,23.875,24.165001,22.354779999999998,212350800,0.12058492836609053,960
2016-01-20,23.775,24.547501,23.355,24.1975,22.384842000000003,289337600,0.02467865707941691,1412
2016-01-21,24.264999,24.469998999999998,23.735001,24.075001,22.271521,208646000,0.12454607888788526,1082
2016-01-22,24.657498999999998,25.365,24.592501000000002,25.355,23.455633,263202000,0.0962731562321936,1200
2016-01-25,25.379998999999998,25.3825,24.8025,24.860001,22.997717,207178000,0.059140380202586273,874
2016-01-26,24.9825,25.219998999999998,24.5175,24.997498999999998,23.124914,300308000,0.06045071581364848,1743
2016-01-27,24.01,24.157498999999998,23.334999,23.355,21.605453,533478800,0.058255708742436164,5511
2016-01-28,23.4475,23.629998999999998,23.0975,23.522499,21.76041,222715200,0.05121133933378536,2143
2016-01-29,23.6975,24.334999,23.5875,24.334999,22.512041,257666000,0.0823940465126845,1542
2016-02-01,24.1175,24.1775,23.85,24.1075,22.301582,163774000,0.03731382930910565,660
2016-02-02,23.855,24.01,23.57,23.620001000000002,21.850603,149428800,0.09529031486440187,1410
2016-02-03,23.75,24.209999,23.52,24.0875,22.283085,183857200,0.09270359677316244,999
2016-02-04,23.965,24.3325,23.797501,24.15,22.462126,185886800,0.12324569850561935,1114
2016-02-05,24.129998999999998,24.23,23.422501,23.504998999999998,21.862209,185672400,0.11040622321633843,823
2016-02-08,23.282498999999998,23.924999,23.26,23.752501000000002,22.092409,216085600,0.061634278052520364,795
2016-02-09,23.5725,23.985001,23.4825,23.747498999999998,22.087757,177324800,0.09907132574146377,1188
2016-02-10,23.98,24.0875,23.525,23.567498999999998,21.92034,169374400,0.07352761698037387,1045
2016-02-11,23.4475,23.68,23.147499,23.424999,21.787796,200298800,0.07148689490356158,1194
2016-02-12,23.547501,23.625,23.252501000000002,23.497498999999998,21.855232,161405600,0.05329659229659224,1014
2016-02-16,23.754998999999998,24.2125,23.6525,24.16,22.471428,196231600,0.04112649767228277,1272
2016-02-17,24.1675,24.5525,24.0375,24.530001000000002,22.815565,179452800,0.03995790227918733,2215
2016-02-18,24.709999,24.7225,24.022499,24.065001000000002,22.38307,156084000,0.03798725963527039,2418
2016-02-19,24.0,24.190001000000002,23.950001,24.01,22.331917,141496800,0.05731492928798033,2226
2016-02-22,24.077499,24.225,23.98,24.219998999999998,22.527231,137123200,0.06587195512548477,1536
2016-02-23,24.1,24.125,23.637501,23.672501,22.018002,127770400,0.05971364394441525,2078
2016-02-24,23.495001000000002,24.094998999999998,23.33,24.025,22.345863,145022800,0.017401049968643282,1843
2016-02-25,24.012501,24.190001000000002,23.8125,24.190001000000002,22.499331,110330800,-0.03052821905134568,1839
2016-02-26,24.299999,24.504998999999998,24.145,24.227501,22.534208,115964400,0.01964566558632369,2319
2016-02-29,24.215,24.557501000000002,24.1625,24.172501,22.483057000000002,140865200,0.27416057332023724,152
2016-03-01,24.4125,25.192498999999998,24.355,25.1325,23.375963,201628400,0.042562765847668736,1427
2016-03-02,25.127501000000002,25.2225,24.91,25.1875,23.427116,132678400,0.05384871326934088,1876
2016-03-03,25.145,25.4275,25.112499,25.375,23.601511,147822800,0.03997778615212852,1536
2016-03-04,25.592501000000002,25.9375,25.342501000000002,25.752501000000002,23.952627,184220400,0.036094008337988426,1893
2016-03-07,25.5975,25.7075,25.24,25.467501000000002,23.687551000000003,143315600,-0.04232458806525352,1116
2016-03-08,25.195,25.440001000000002,25.1,25.2575,23.492224,126247600,-0.02511723061682713,1703
2016-03-09,25.327499,25.395,25.067498999999998,25.280001000000002,23.513154999999998,108806800,0.013739813980543636,1113
2016-03-10,25.352501,25.559998999999998,25.0375,25.2925,23.524775,134054400,0.02206026659644084,1289
2016-03-11,25.559998999999998,25.57,25.375,25.565001000000002,23.778234,109632800,-0.036876300891827085,1817
2016-03-14,25.477501,25.727501,25.445,25.629998999999998,23.838688,100304400,0.06352649705226149,868
2016-03-15,25.99,26.295,25.9625,26.145,24.317701,160270800,0.07784403846880683,1446
2016-03-16,26.1525,26.577499,26.147499,26.4925,24.640911,153214000,-0.05923449568917636,1561
2016-03-17,26.379998999999998,26.6175,26.24,26.450001,24.601379,137682800,0.015097425899495753,1911
2016-03-18,26.584999,26.625,26.297501,26.48,24.629284,176820800,0.04558523544925011,1406
2016-03-21,26.4825,26.9125,26.285,26.477501,24.626959,142010800,0.0030230313056911484,3052
2016-03-22,26.3125,26.8225,26.3025,26.68,24.815302,129777600,0.05997579596270582,3841
2016-03-23,26.620001000000002,26.7675,26.475,26.532498999999998,24.67811,102814000,0.044769641665340136,1866
2016-03-24,26.3675,26.5625,26.2225,26.4175,24.571148,104532000,0.07502267776263871,1883
2016-03-28,26.5,26.547501,26.264999,26.297501,24.459533999999998,77645600,0.023754492409544768,1086
2016-03-29,26.2225,26.9475,26.219998999999998,26.92,25.038527,124760400,0.06363899846001661,2138
2016-03-30,27.1625,27.605,27.15,27.389999,25.475679,182404400,0.11108308087888036,2037
2016-03-31,27.43,27.475,27.219998999999998,27.247498999999998,25.343138,103553600,0.04115141743403145,536
2016-04-01,27.195,27.5,27.049999,27.497498999999998,25.575666000000002,103496000,0.04821962491022175,1066
2016-04-04,27.605,28.047501,27.567498999999998,27.780001000000002,25.838421,149424800,0.12888290874036454,1124
2016-04-05,27.377501000000002,27.682501000000002,27.355,27.452499,25.53381,106314800,0.05683211572947861,1541
2016-04-06,27.557501000000002,27.745001000000002,27.299999,27.74,25.801216,105616400,0.05651491073455767,1287
2016-04-07,27.487499,27.605,27.030001000000002,27.135,25.238501,127207600,0.063461089386155,1354
2016-04-08,27.227501,27.442498999999998,27.0425,27.165001,25.266407,94326800,0.04703457612300799,1359
2016-04-11,27.2425,27.6525,27.2075,27.254998999999998,25.350115,117630000,0.08128325925983643,841
2016-04-12,27.334999,27.625,27.165001,27.610001,25.680305,108929200,0.10004848412782133,1226
2016-04-13,27.700001,28.084999,27.700001,28.01,26.052345000000003,133029200,0.1329254126116282,1283
2016-04-14,27.905001000000002,28.0975,27.8325,28.025,26.066298,101895600,0.07164265328392766,1315
2016-04-15,28.0275,28.075001,27.432501000000002,27.4625,25.543112,187756000,0.06897880407842223,1791
2016-04-18,27.2225,27.237499,26.735001,26.870001000000002,24.992023,243286000,0.0547061869475442,1127
2016-04-19,26.969998999999998,27.0,26.557501000000002,26.727501,24.859484,129539600,0.08339353633718305,2051
2016-04-20,26.66,27.022499,26.514999,26.782498999999998,24.910643,122444000,0.08460187543464989,1392
2016-04-21,26.7325,26.7325,26.379998999999998,26.4925,24.640911,126210000,0.09616358762409376,1314
2016-04-22,26.252501000000002,26.620001000000002,26.155001000000002,26.42,24.573479000000003,134732400,0.104014181260349,1663
2016-04-25,26.25,26.4125,26.127501000000002,26.27,24.43396,112126400,0.10391916419633232,1145
2016-04-26,25.977501,26.325001,25.977501,26.0875,24.264212,224064800,0.044244268293568034,2086
2016-04-27,24.0,24.6775,23.92,24.455,22.745811,458408400,0.017513110712808422,7083
2016-04-28,24.4025,24.469998999999998,23.5625,23.7075,22.050558,328970800,0.012646542195659194,2798
2016-04-29,23.497498999999998,23.68,23.127501000000002,23.434998999999998,21.7971,274126000,0.04889779501016733,3014
2016-05-02,23.4925,23.52,23.1,23.41,21.773848,192640400,-0.010477500388142214,1183
2016-05-03,23.549999,23.934998999999998,23.42,23.795,22.131937,227325200,0.04036857297322116,2439
2016-05-04,23.799999,23.975,23.455,23.547501,21.901741,164102000,0.070345586428121,2011
2016-05-05,23.5,23.5175,23.17,23.309998999999998,21.812839999999998,143562000,0.046769792262759236,1654
2016-05-06,23.342501000000002,23.362499,22.9625,23.18,21.691189,174799600,0.022494534313742487,2110
2016-05-09,23.25,23.442498999999998,23.147499,23.1975,21.707569,131745600,0.10517379957692732,920
2016-05-10,23.3325,23.3925,23.0275,23.355,21.854948,134747200,0.053812376480229684,1377
2016-05-11,23.370001000000002,23.3925,23.115,23.127501000000002,21.642059,114876400,0.06070478022011527,1350
2016-05-12,23.18,23.195,22.3675,22.584999,21.134403,305258800,0.06487870002345922,2486
2016-05-13,22.5,22.9175,22.5,22.629998999999998,21.176514,177571200,0.06405698647097885,2550
2016-05-16,23.0975,23.5975,22.9125,23.469998999999998,21.962560999999997,245039200,0.07747812316901945,2587
2016-05-17,23.637501,23.674999,23.252501000000002,23.372498999999998,21.871321,187667600,0.030325317695175488,2553
2016-05-18,23.540001,23.8025,23.4725,23.639999,22.121643,168249600,0.07861064997137743,1847
2016-05-19,23.66,23.66,23.3925,23.549999,22.037428,121768400,0.09051449944428658,1528
2016-05-20,23.66,23.8575,23.629998999999998,23.805,22.276042999999998,128104000,0.048872776062411416,1587
2016-05-23,23.967501000000002,24.297501,23.9175,24.1075,22.559116,152074400,0.07255738972125311,1226
2016-05-24,24.305,24.522499,24.209999,24.475,22.903015,140560800,0.07492501770712698,1699
2016-05-25,24.6675,24.934998999999998,24.5275,24.905001000000002,23.305397,152675200,0.07353117733671544,1957
2016-05-26,24.92,25.182501000000002,24.66,25.102501,23.490213,225324800,0.052448637149732864,1805
2016-05-27,24.860001,25.1175,24.8125,25.0875,23.476171,145364800,0.07073069709361049,1414
2016-05-31,24.9,25.1,24.705,24.965,23.361542,169228800,0.08344479790691914,285
2016-06-01,24.754998999999998,24.885,24.5825,24.615,23.034023,116693200,-0.0013141180857257349,822
2016-06-02,24.4,24.459999,24.157498999999998,24.43,22.860905,160766400,0.04461054509456111,1692
2016-06-03,24.4475,24.567498999999998,24.362499,24.48,22.907692,114019600,0.04815793206789454,1338
2016-06-06,24.497498999999998,25.4725,24.387501,24.657498999999998,23.07379,93170000,0.12261107904956098,749
2016-06-07,24.8125,24.967501000000002,24.74,24.7575,23.167370000000002,89638000,0.09184766837665044,1021
2016-06-08,24.754998999999998,24.889999,24.67,24.735001,23.146317,83392400,0.07798372001459547,1026
2016-06-09,24.625,24.997498999999998,24.615,24.9125,23.312412,106405600,0.08203817494075596,1465
2016-06-10,24.6325,24.8375,24.620001000000002,24.7075,23.120579,126851600,0.1136245662532841,1454
2016-06-13,24.672501,24.780001000000002,24.275,24.334999,22.772001,152082000,0.025165661802232425,1200
2016-06-14,24.33,24.620001000000002,24.1875,24.365,22.800076,127727600,0.039990008536474685,3961
2016-06-15,24.455,24.602501,24.2575,24.285,22.725216,117780800,0.09558998194668143,1666
2016-06-16,24.112499,24.4375,24.0175,24.387501,22.821135,125307200,0.1022227843980637,1179
2016-06-17,24.155001000000002,24.1625,23.825001,23.8325,22.301785,244032800,0.04583770785380259,1271
2016-06-20,24.0,24.1425,23.7575,23.775,22.247978,137647600,0.1974768978265813,1119
2016-06-21,23.735001,24.0875,23.67,23.977501,22.437468,142185600,0.09863190158229046,1544
2016-06-22,24.0625,24.2225,23.8375,23.887501,22.353247,116876400,-0.004961426945524039,1346
2016-06-23,23.985001,24.0725,23.8125,24.025,22.481915,128960800,0.0556809704674848,1020
2016-06-24,23.227501,23.665001,23.1625,23.35,21.850271,301245600,0.06902543244611165,1090
2016-06-27,23.25,23.262501,22.875,23.01,21.53211,181958400,0.05290396470594366,815
2016-06-28,23.225,23.415001,23.035,23.397499,21.894722,161779600,0.030595398580109182,859
2016-06-29,23.4925,23.637501,23.407498999999998,23.6,22.084213000000002,146124000,0.02751525698324253,1029
2016-06-30,23.610001,23.942498999999998,23.575001,23.9,22.364946,143345600,0.0029468335203192697,209
2016-07-01,23.872498999999998,24.1175,23.8325,23.9725,22.432791,104106000,0.06811165229643476,1002
2016-07-05,23.8475,23.85,23.615,23.747498999999998,22.222239000000002,110820800,0.07554196855239406,809
2016-07-06,23.65,23.915001,23.592501000000002,23.8825,22.348570000000002,123796400,0.004156862298540898,1015
2016-07-07,23.924999,24.125,23.905001000000002,23.985001,22.444482999999998,100558400,0.007375009419837986,897
2016-07-08,24.122498999999998,24.2225,24.012501,24.17,22.617603,115648400,0.04056547345751922,976
2016-07-11,24.1875,24.4125,24.182501000000002,24.245001000000002,22.68778,95179600,0.07158736902579277,656
2016-07-12,24.2925,24.424999,24.280001000000002,24.355,22.790722,96670000,0.05212049516406897,924
2016-07-13,24.352501,24.4175,24.209999,24.217501000000002,22.66205,103568800,0.05204988058303345,774
2016-07-14,24.3475,24.747498999999998,24.33,24.6975,23.111225,155676000,0.07495905655487217,1276
2016-07-15,24.73,24.825001,24.625,24.695,23.108885,120548000,0.03955713990140329,944
2016-07-18,24.674999,25.032498999999998,24.65,24.9575,23.354523,145975600,0.12973176384702362,1010
2016-07-19,24.889999,25.0,24.834999,24.967501000000002,23.363882,95119600,0.009482630595777695,1170
2016-07-20,25.0,25.115,24.934998999999998,24.99,23.384943,105104000,0.04353189757591003,1116
2016-07-21,24.9575,25.25,24.782498999999998,24.8575,23.260948000000003,130808000,0.05154287869989094,1345
2016-07-22,24.815001000000002,24.825001,24.577499,24.665001,23.080814,113254800,0.09339286330593694,1202
2016-07-25,24.5625,24.709999,24.23,24.334999,22.772001,161531600,0.09012693231153962,1213
2016-07-26,24.205,24.4925,24.105,24.1675,22.615261,224959200,0.08624183521957449,1865
2016-07-27,26.067498999999998,26.0875,25.6875,25.737499,24.084423,369379200,0.06944741463115067,5173
2016-07-28,25.7075,26.112499,25.705,26.084999,24.409603,159479200,0.10338951382481806,2342
2016-07-29,26.047501,26.137501,25.92,26.0525,24.379189,110934800,0.06563347684235821,1570
2016-08-01,26.102501,26.5375,26.102501,26.512501,24.809647000000002,152671600,0.09207877186373743,812
2016-08-02,26.512501,26.5175,26.0,26.120001000000002,24.44236,135266400,0.0986006623270584,1707
2016-08-03,26.202499,26.459999,26.192498999999998,26.4475,24.748821,120810400,0.11500034547473792,885
2016-08-04,26.395,26.5,26.32,26.467501000000002,24.901709,109634800,0.06450075704204114,1513
2016-08-05,26.567498999999998,26.9125,26.545,26.870001000000002,25.280399,162213600,0.08174820159363957,1476
2016-08-08,26.879998999999998,27.092501000000002,26.790001,27.092501000000002,25.489735,112148800,0.04538642529316511,1178
2016-08-09,27.057501000000002,27.235001,27.002501000000002,27.202499,25.593224,105260800,0.07430940252557869,1563
2016-08-10,27.1775,27.225,26.940001000000002,27.0,25.402707999999997,96034000,0.039455388094670696,1618
2016-08-11,27.129998999999998,27.2325,26.9625,26.9825,25.386244,109938000,0.06480255585002673,1677
2016-08-12,26.945,27.110001,26.945,27.045,25.44504,74641600,0.1254953467919154,992
2016-08-15,27.035,27.385,27.02,27.370001000000002,25.750818,103472800,0.07702593304175337,1482
2016-08-16,27.407498999999998,27.557501000000002,27.3025,27.344998999999998,25.727297,135177600,0.06569614072518665,2193
2016-08-17,27.275,27.342501000000002,27.084999,27.305,25.689667,101424000,0.0758126324657426,1715
2016-08-18,27.307501000000002,27.4,27.254998999999998,27.27,25.656736,87938800,-0.008066962088693286,1238
2016-08-19,27.192498999999998,27.422501,27.09,27.34,25.722595000000002,101472400,0.06141727837022276,1345
2016-08-22,27.215,27.275,26.9625,27.127501000000002,25.522665,103280800,0.06213305240511177,1122
2016-08-23,27.147499,27.33,27.1325,27.2125,25.602634,85030800,0.02039610607353326,1331
2016-08-24,27.1425,27.1875,26.92,27.0075,25.409765,94700400,0.02772362783115495,1158
2016-08-25,26.8475,26.969998999999998,26.67,26.8925,25.301565,100344800,0.04533552895538831,1733
2016-08-26,26.852501,26.987499,26.577499,26.735001,25.153379,111065200,0.020983559293064943,1921
2016-08-29,26.655001000000002,26.860001,26.5725,26.705,25.125162,99881200,-0.016925965256746167,1548
2016-08-30,26.450001,26.625,26.375,26.5,24.932287,99455600,-0.04748991128302649,4271
2016-08-31,26.415001,26.6425,26.41,26.525,24.955809,118649600,-0.06165561915282086,1088
2016-09-01,26.535,26.700001,26.405001000000002,26.682501000000002,25.103992,106806000,0.03135911172290762,1774
2016-09-02,26.924999,27.0,26.705,26.932501000000002,25.339201,107210000,0.05584571637268276,2159
2016-09-06,26.975,27.075001,26.877501000000002,26.924999,25.332144,107521600,0.08791149881965378,1117
2016-09-07,26.9575,27.190001000000002,26.7675,27.09,25.487382999999998,169457200,0.04006872938324932,4486
2016-09-08,26.8125,26.817498999999998,26.309998999999998,26.379998999999998,24.819384,212008000,0.02874217572690546,7025
2016-09-09,26.16,26.43,25.782498999999998,25.782498999999998,24.257231,186228000,0.053575952059880916,5594
2016-09-12,25.6625,26.43,25.6325,26.360001,24.80057,181171200,0.08188081937801264,1652
2016-09-13,26.877501000000002,27.1975,26.809998999999998,26.987499,25.390945000000002,248704800,0.051860540169655495,2522
2016-09-14,27.182501000000002,28.2575,27.15,27.942498999999998,26.289452,443554800,0.0745493168930759,3897
2016-09-15,28.465,28.932501000000002,28.372498999999998,28.8925,27.183249,359934400,0.11111425552402188,3610
2016-09-16,28.780001000000002,29.032498999999998,28.51,28.73,27.030363,319547600,0.08422868278219213,3476
2016-09-19,28.797501,29.045,28.3125,28.395,26.715181,188092000,0.036759411140827314,1732
2016-09-20,28.262501,28.530001000000002,28.127501000000002,28.3925,26.712826,138057200,0.12681945365319974,1809
2016-09-21,28.4625,28.497498999999998,28.110001,28.387501,26.708121999999996,144012800,0.008016464933112033,2227
2016-09-22,28.5875,28.735001,28.5,28.655001000000002,26.959799,124296000,0.07623745574080426,1756
2016-09-23,28.605,28.6975,27.887501,28.1775,26.510547999999996,209924800,0.04043687939258928,1706
2016-09-26,27.91,28.3475,27.887501,28.219998999999998,26.550533,119477600,0.06455570366347563,1211
2016-09-27,28.25,28.295,28.084999,28.272499,26.599923999999998,98429600,0.037265143152266034,1270
2016-09-28,28.422501,28.66,28.3575,28.487499,26.802208,118564400,0.07578678365285467,1423
2016-09-29,28.290001,28.450001,27.950001,28.045,26.385885,143548000,0.09290084249415864,1861
2016-09-30,28.115,28.342501000000002,27.950001,28.262501,26.590519,145516400,0.02221697013008312,395
2016-10-03,28.1775,28.262501,28.07,28.129998999999998,26.465857,86807200,0.06499135506071824,964
2016-10-04,28.264999,28.577499,28.157498999999998,28.25,26.578756,118947200,0.0377031892012662,1197
2016-10-05,28.35,28.415001,28.172501,28.262501,26.590519,85812400,0.0585474770908585,1102
2016-10-06,28.424999,28.584999,28.282498999999998,28.4725,26.788094,115117200,0.057712018446347775,1289
2016-10-07,28.577499,28.639999,28.377501000000002,28.514999,26.828075,97433600,0.10807827043668156,951
2016-10-10,28.754998999999998,29.1875,28.68,29.012501,27.296153999999998,144944000,0.12267802848348668,875
2016-10-11,29.424999,29.672501,29.049999,29.075001,27.354954,256164000,0.08021938219380725,1736
2016-10-12,29.3375,29.495001000000002,29.1875,29.334999,27.599573,150347200,0.11105687449193692,1506
2016-10-13,29.1975,29.360001,28.93,29.245001000000002,27.514896000000004,140769600,0.06872778526945293,1104
2016-10-14,29.469998999999998,29.5425,29.282498999999998,29.407498999999998,27.66778,142608800,0.09875989506276656,1005
2016-10-17,29.3325,29.459999,29.195,29.387501,27.648965999999998,94499600,0.07936965981600548,972
2016-10-18,29.545,29.5525,29.362499,29.3675,27.63015,98214000,0.1103809488673332,1388
2016-10-19,29.3125,29.440001000000002,28.450001,29.280001000000002,27.547821000000003,80138400,-0.012141229430966266,1192
2016-10-20,29.215,29.344998999999998,29.0825,29.264999,27.533712,96503200,0.07733531853792641,1149
2016-10-21,29.202499,29.227501,29.07,29.15,27.425516,92770800,0.09024247068118724,974
2016-10-24,29.275,29.434998999999998,29.25,29.4125,27.672490999999997,94154800,0.030617758034445,1165
2016-10-25,29.487499,29.59,29.327499,29.5625,27.813614,192516000,0.08624227847030302,1986
2016-10-26,28.577499,28.924999,28.327499,28.897499,27.187952000000003,264536800,0.08442807359809787,5213
2016-10-27,28.8475,28.965,28.525,28.620001000000002,26.926868,138248000,0.0474726427763516,2406
2016-10-28,28.467501000000002,28.8025,28.362499,28.43,26.748108000000002,151446800,-0.01213016513968937,2886
2016-10-31,28.4125,28.557501000000002,28.299999,28.385,26.705769,105677600,-0.05783129370629364,175
2016-11-01,28.365,28.442498999999998,27.6325,27.872498999999998,26.223593,175303200,0.07740912262912232,1014
2016-11-02,27.85,28.0875,27.807501000000002,27.897499,26.24711,113326800,0.04247582271523392,1375
2016-11-03,27.745001000000002,27.865,27.387501,27.4575,25.965776,107730400,0.023721361574742028,1128
2016-11-04,27.1325,27.5625,27.0275,27.209999,25.731720000000003,123348000,0.09789107356125436,1026
2016-11-07,27.52,27.627501000000002,27.365,27.602501,26.1029,130240000,0.07805454103495732,948
2016-11-08,27.577499,27.93,27.424999,27.764999,26.256563,97016800,-0.035360772698994215,1032
2016-11-09,27.469998999999998,27.83,27.012501,27.719998999999998,26.214012,236705600,-0.002498168405333457,1135
2016-11-10,27.772499,27.772499,26.4575,26.9475,25.483482000000002,228538000,0.07822185413487293,1140
2016-11-11,26.780001000000002,27.217501000000002,26.637501,27.1075,25.634789,136575600,0.08901580378196018,978
2016-11-14,26.9275,26.952499,26.02,26.4275,24.991735000000002,204702000,0.04546488486528194,925
2016-11-15,26.6425,26.92,26.540001,26.7775,25.322718,129058000,0.02085461656281612,1332
2016-11-16,26.674999,27.557501000000002,26.65,27.497498999999998,26.003603,235362000,-0.007080613198018894,1366
2016-11-17,27.452499,27.5875,27.2075,27.487499,25.994146,110528000,0.04466750326845842,1139
2016-11-18,27.43,27.635,27.415001,27.514999,26.020147,113715600,0.06090443180386493,1111
2016-11-21,27.530001000000002,27.997498999999998,27.502501000000002,27.932501000000002,26.414972,117058400,0.012415252089302664,1169
2016-11-22,27.987499,28.105,27.85,27.950001,26.431519,103862000,0.05483976381406674,1207
2016-11-23,27.84,27.877501000000002,27.5825,27.807501000000002,26.296761,109705600,0.13493400063799407,1011
2016-11-25,27.782498999999998,27.967501000000002,27.737499,27.9475,26.429152000000002,45903600,0.16816686489576074,816
2016-11-28,27.8575,28.1175,27.8475,27.8925,26.37714,108776000,0.1301195045198144,859
2016-11-29,27.695,28.0075,27.5175,27.865,26.351133,114115200,0.12469860469995815,1156
2016-11-30,27.9,28.049999,27.567498999999998,27.629998999999998,26.128902,144649200,0.14727176712176726,330
2016-12-01,27.592501000000002,27.735001,27.2575,27.372498999999998,25.885395000000003,148347600,0.10123922144114812,768
2016-12-02,27.2925,27.522499,27.2125,27.475,25.982323,106112000,0.05002366517458351,996
2016-12-05,27.5,27.5075,27.0625,27.2775,25.795552999999998,137298000,0.05715650545165792,744
2016-12-06,27.375,27.59,27.297501,27.487499,25.994146,104782000,0.1403559099613682,1125
2016-12-07,27.315001000000002,27.797501,27.290001,27.7575,26.249474,119994800,0.11090684462405563,1631
2016-12-08,27.715,28.1075,27.65,28.030001000000002,26.507175,108273200,0.0829936631865299,1655
2016-12-09,28.077499,28.674999,28.077499,28.487499,26.939816999999998,137610400,0.06318718984380968,1344
2016-12-12,28.3225,28.75,28.122498999999998,28.325001,26.786144,105497600,0.14827353612296787,724
2016-12-13,28.459999,28.98,28.4375,28.797501,27.232977,174935200,0.03244551679546753,1641
2016-12-14,28.76,29.049999,28.745001000000002,28.797501,27.232977,136127200,0.06947301150619936,1523
2016-12-15,28.844998999999998,29.182501000000002,28.807501000000002,28.955,27.381918,186098000,0.07022479207566826,1156
2016-12-16,29.1175,29.125,28.9125,28.9925,27.417383,177404400,0.13221597002498411,1120
2016-12-19,28.950001,29.344998999999998,28.9375,29.16,27.575778999999997,111117600,0.1223590668121764,779
2016-12-20,29.184998999999998,29.375,29.17,29.237499,27.649071000000003,85700000,0.11503847204725325,1014
2016-12-21,29.200001,29.35,29.195,29.264999,27.675074,95132800,0.04148526792420354,1023
2016-12-22,29.0875,29.127501000000002,28.91,29.0725,27.493036,104343600,0.08802871843564486,1031
2016-12-23,28.897499,29.129998999999998,28.897499,29.129998999999998,27.547411,56998000,0.0665126410748737,794
2016-12-27,29.129998999999998,29.450001,29.122498999999998,29.315001000000002,27.722363,73187600,0.054105297772388095,699
2016-12-28,29.379998999999998,29.504998999999998,29.049999,29.190001000000002,27.604153000000004,83623600,0.012954809055467031,800
2016-12-29,29.112499,29.2775,29.1,29.182501000000002,27.597061,60158000,0.1387016023376696,835
2016-12-30,29.1625,29.299999,28.8575,28.955,27.381918,122345200,0.0018564817321514715,788
2017-01-03,28.950001,29.0825,28.690001000000002,29.0375,27.459938,115127600,-0.017952098504423863,739
2017-01-04,28.9625,29.127501000000002,28.9375,29.004998999999998,27.429203,84472400,0.08938336280758953,830
2017-01-05,28.98,29.215,28.952499,29.1525,27.568690999999998,88774400,0.02173562141454316,1337
2017-01-06,29.195,29.540001,29.1175,29.477501,27.87603,127007600,0.11313856365907528,1265
2017-01-09,29.487499,29.8575,29.485001,29.747498999999998,28.131361,134247600,0.13893876443104478,1120
2017-01-10,29.692498999999998,29.844998999999998,29.575001,29.7775,28.159733000000003,97848400,0.07235395222241159,1411
2017-01-11,29.684998999999998,29.9825,29.65,29.9375,28.311039,110354400,-0.00499133202974672,1189
2017-01-12,29.725,29.825001,29.5525,29.8125,28.192830999999998,108344800,0.1075702057376582,1284
2017-01-13,29.7775,29.905001000000002,29.702499,29.76,28.143188000000002,104447600,0.04550292924481253,1175
2017-01-17,29.584999,30.059998999999998,29.555,30.0,28.37015,137759200,0.1037227887078769,955
2017-01-18,30.0,30.125,29.9275,29.997498999999998,28.367781,94852000,0.04051102936338963,993
2017-01-19,29.85,30.022499,29.842501000000002,29.945,28.318136,102389200,0.054407315801434264,1015
2017-01-20,30.112499,30.112499,29.932501000000002,30.0,28.37015,130391600,0.14374852077864134,730
2017-01-23,30.0,30.202499,29.942498999999998,30.02,28.389057,88200800,0.03453373402591048,931
2017-01-24,29.887501,30.025,29.875,29.9925,28.363052000000003,92844000,0.10808049037524664,1098
2017-01-25,30.105,30.525,30.07,30.469998999999998,28.81461,129510400,0.05579257816377911,1247
2017-01-26,30.4175,30.610001,30.4,30.485001,28.828796,105350400,0.0311285361487888,1194
2017-01-27,30.535,30.5875,30.4,30.487499,28.831159999999997,82251600,0.024594095929777127,907
2017-01-30,30.2325,30.407498999999998,30.165001,30.407498999999998,28.755507,121510000,0.07312603634651843,962
2017-01-31,30.2875,30.3475,30.155001000000002,30.3375,28.689308,196804000,0.18327863179903964,392
2017-02-01,31.7575,32.622501,31.752501000000002,32.1875,30.438799,447940000,0.08451143210739215,2816
2017-02-02,31.995001000000002,32.3475,31.945,32.1325,30.386791,134841600,0.06722594457299749,2088
2017-02-03,32.077498999999996,32.297501000000004,32.040001000000004,32.27,30.516821000000004,98029200,0.05600837776803341,1360
2017-02-06,32.282501,32.625,32.224998,32.572497999999996,30.802887,107383600,0.034432109281751555,872
2017-02-07,32.634997999999996,33.022498999999996,32.612499,32.8825,31.096045,152735200,0.06266886526881854,1254
2017-02-08,32.837502,33.055,32.805,33.009997999999996,31.216611999999998,92016400,0.07820855848633629,1261
2017-02-09,32.912498,33.112499,32.779999,33.105,31.442188,113399600,0.08395330559362332,1037
2017-02-10,33.115002000000004,33.235001000000004,33.012501,33.029999,31.370946999999997,80262000,0.01975425795942732,1067
2017-02-13,33.27,33.455002,33.1875,33.322497999999996,31.648761999999998,92141600,0.008370334005583123,1197
2017-02-14,33.3675,33.772498999999996,33.3125,33.755001,32.059544,132904800,-0.005931984339025365,1703
2017-02-15,33.880001,34.067501,33.654999,33.877499,32.175884,142492400,0.04063621333440906,1801
2017-02-16,33.9175,33.974998,33.709998999999996,33.837502,32.137894,90338400,0.06521505375174749,1123
2017-02-17,33.775002,33.9575,33.775002,33.93,32.225753999999995,88792800,0.07669411069303836,1000
2017-02-21,34.057499,34.1875,33.994999,34.174999,32.458447,98028800,0.06606758528327167,919
2017-02-22,34.107498,34.279999,34.0275,34.2775,32.555794,83347600,0.0854190582778385,1132
2017-02-23,34.345001,34.369999,34.075001,34.1325,32.418076,83152800,0.06879754568598813,1011
2017-02-24,33.977501000000004,34.165001000000004,33.82,34.165001000000004,32.448948,87106400,0.03193220976955377,1038
2017-02-27,34.285,34.360001000000004,34.07,34.232498,32.513054,81029600,0.07000865313457982,1046
2017-02-28,34.27,34.360001000000004,34.174999,34.247501,32.527302,93931600,0.06003494900460918,380
2017-03-01,34.4725,35.037498,34.400002,34.947497999999996,33.192142,145658400,0.12026363169729505,740
2017-03-02,35.0,35.07,34.689999,34.740002000000004,32.995064,104844000,0.08109499292508979,1018
2017-03-03,34.695,34.9575,34.647498999999996,34.945,33.189762,84432400,0.057956853432942074,972
2017-03-06,34.842499,34.942501,34.650002,34.834998999999996,33.085289,87000000,0.059286084653882826,724
2017-03-07,34.764998999999996,34.994999,34.697497999999996,34.880001,33.128029,69785200,0.07869365090424879,896
2017-03-08,34.737499,34.950001,34.705002,34.75,33.004562,74828800,0.017570603999175316,323
2017-03-09,34.685001,34.697497999999996,34.262501,34.669998,32.928577000000004,88623600,0.2073115315234441,483
2017-03-10,34.8125,34.84,34.66,34.785,33.037796,78451200,0.1654767917868928,582
2017-03-13,34.712502,34.857498,34.705002,34.799999,33.052044,69686800,0.11421768707483004,84
2017-03-14,34.825001,34.912498,34.709998999999996,34.747501,33.002182,61236400,0.10075222726275933,379
2017-03-15,34.852501000000004,35.1875,34.7575,35.115002000000004,33.351227,102767200,0.038529669599263294,590
2017-03-16,35.18,35.255001,35.064999,35.172501000000004,33.405842,76928000,0.05711177506280945,802
2017-03-17,35.25,35.25,34.9725,34.997501,33.239635,175540000,0.04759751225946191,728
2017-03-20,35.099998,35.375,35.057499,35.365002000000004,33.588676,86168000,0.09978760934406078,504
2017-03-21,35.5275,35.700001,34.932499,34.959998999999996,33.204002,158119600,0.1009392664427341,1450
2017-03-22,34.962502,35.400002,34.939999,35.355,33.57917,103440800,0.0421855427782685,1094
2017-03-23,35.314999,35.395,35.1525,35.23,33.460449,81385200,0.09202889502195866,715
2017-03-24,35.375,35.435001,35.087502,35.16,33.393963,89582400,0.03485557921001964,698
2017-03-27,34.8475,35.305,34.654999,35.220001,33.450958,94300400,0.1314417530881816,571
2017-03-28,35.227501000000004,36.009997999999996,35.154999,35.950001,34.144287,133499200,0.10865373977873977,129
2017-03-29,35.919998,36.122501,35.797501000000004,36.029999,34.220264,116760000,0.03904572237526771,643
2017-03-30,36.047501000000004,36.125,35.875,35.982498,34.175156,84829200,0.12530129386537614,723
2017-03-31,35.93,36.067501,35.752499,35.915001000000004,34.111042,78646800,0.11378862011004875,148
2017-04-03,35.927502000000004,36.029999,35.762501,35.924999,34.120540999999996,79942800,0.11862016466998265,630
2017-04-04,35.8125,36.2225,35.7925,36.192501,34.374607,79565600,0.07082986642472594,677
2017-04-05,36.055,36.365002000000004,35.952498999999996,36.005001,34.196521999999995,110871600,0.08163852346155717,753
2017-04-06,36.072497999999996,36.130001,35.862499,35.915001000000004,34.111042,84596000,0.008184088195148709,588
2017-04-07,35.932499,36.044998,35.817501,35.834998999999996,34.035061,66688800,0.08343487514469664,480
2017-04-10,35.900002,35.970001,35.724998,35.7925,33.994701,75733600,0.08708246533827915,365
2017-04-11,35.735001000000004,35.837502,35.014998999999996,35.407501,33.629044,121517600,0.0643974560623512,709
2017-04-12,35.400002,35.537498,35.252499,35.450001,33.669403,81400000,0.08970620537521931,584
2017-04-13,35.477501000000004,35.595001,35.262501,35.262501,33.491325,71291600,0.02167587050390796,666
2017-04-17,35.369999,35.470001,35.217499,35.4575,33.676521,66328400,0.12770817228406509,396
2017-04-18,35.352501000000004,35.509997999999996,35.2775,35.299999,33.526943,58790000,0.10447953600632176,547
2017-04-19,35.470001,35.5,35.112499,35.169998,33.403461,69313600,0.09805697140208848,603
2017-04-20,35.305,35.73,35.290001000000004,35.610001000000004,33.821369,93278400,0.08431343737831823,622
2017-04-21,35.610001000000004,35.669998,35.462502,35.567501,33.780998,69283600,0.12440728041346046,455
2017-04-24,35.875,35.987499,35.794998,35.91,34.106297,68537200,0.1338077296777295,422
2017-04-25,35.977501000000004,36.224998,35.967499,36.1325,34.317619,75486000,0.13704941276419202,599
2017-04-26,36.1175,36.150002,35.845001,35.919998,34.115788,80164800,0.17498938934802624,614
2017-04-27,35.98,36.040001000000004,35.827498999999996,35.947497999999996,34.141903000000006,56985200,0.0865801745592924,532
2017-04-28,36.022498999999996,36.075001,35.817501,35.912498,34.108672999999996,83441600,0.08374166219224399,702
2017-05-01,36.275002,36.799999,36.240002000000004,36.645,34.804371,134411600,0.20183799271557,872
2017-05-02,36.884997999999996,37.022498999999996,36.709998999999996,36.877499,35.0252,181408800,0.14014290037291122,1545
2017-05-03,36.397498999999996,36.872501,36.067501,36.764998999999996,34.91835,182788000,0.06790423135994518,3261
2017-05-04,36.630001,36.785,36.452498999999996,36.6325,34.792503,93487600,0.07475056445183759,1183
2017-05-05,36.689999,37.244999,36.689999,37.240002000000004,35.369492,109310800,0.07964746533070954,938
2017-05-08,37.2575,38.424999,37.2575,38.252499,36.331139,195009600,0.0684838137495182,1206
2017-05-09,38.467499,38.720001,38.362499,38.497501,36.563831,156521600,0.07367455289609429,1258
2017-05-10,38.407501,38.485001000000004,38.0275,38.314999,36.390495,103222800,0.09233626464887364,908
2017-05-11,38.112499,38.517502,38.077498999999996,38.487499,36.705208,109020400,0.103706567920203,694
2017-05-12,38.674999,39.105,38.6675,39.025002,37.217822999999996,130108000,0.04969570575262333,977
2017-05-15,39.002499,39.162498,38.762501,38.924999,37.122452,104038800,0.1018601248568855,628
2017-05-16,38.985001000000004,39.014998999999996,38.68,38.8675,37.067619,80194000,0.15500200951094356,754
2017-05-17,38.400002,38.642502,37.427502000000004,37.5625,35.823048,203070800,0.0681337942737198,975
2017-05-18,37.817501,38.334998999999996,37.782501,38.134997999999996,36.369038,134272800,0.10886721921810916,809
2017-05-19,38.345001,38.494999,38.157501,38.264998999999996,36.493019,107843200,0.07846651362233309,599
2017-05-22,38.5,38.645,38.227501000000004,38.497501,36.714752000000004,91865600,0.11780784314129095,568
2017-05-23,38.724998,38.724998,38.327498999999996,38.450001,36.669449,79675600,0.08242452190165953,790
2017-05-24,38.459998999999996,38.5425,38.1675,38.334998999999996,36.559771999999995,76712000,0.14267934980574326,680
2017-05-25,38.432499,38.587502,38.2575,38.467499,36.686138,76942400,0.12981295726690473,642
2017-05-26,38.5,38.560001,38.327498999999996,38.4025,36.624148999999996,87710400,0.12341110080395801,603
2017-05-30,38.355,38.607498,38.3325,38.4175,36.638451,80507600,0.07645068315068324,556
2017-05-31,38.4925,38.5425,38.095001,38.189999,36.421490000000006,97804800,0.19709296218487385,183
2017-06-01,38.2925,38.3325,38.055,38.294998,36.521626,65616400,0.03879187809544973,404
2017-06-02,38.395,38.862499,38.2225,38.862499,37.062847,111082800,-0.008182264050574095,617
2017-06-05,38.584998999999996,38.612499,38.365002000000004,38.482498,36.700447,101326800,0.05462413774138592,1189
2017-06-06,38.474998,38.952498999999996,38.445,38.612499,36.824417,106499600,0.03609338854652533,1524
2017-06-07,38.755001,38.994999,38.619999,38.842499,37.04377,84278400,0.06171915414803755,922
2017-06-08,38.8125,38.884997999999996,38.599998,38.747501,36.953171000000005,85003200,0.0724897328200898,654
2017-06-09,38.797501000000004,38.797501000000004,36.505001,37.244999,35.520245,259530800,0.03508502588393892,799
2017-06-12,36.435001,36.522498999999996,35.627499,36.355,34.671463,289229200,0.04948771508698263,1230
2017-06-13,36.790001000000004,36.862499,36.287498,36.647498999999996,34.95042,136661600,0.1086881575874395,1217
2017-06-14,36.875,36.875,35.959998999999996,36.290001000000004,34.609474,126124800,0.10618828393828428,748
2017-06-15,35.830002,36.119999,35.552502000000004,36.072497999999996,34.402042,128661600,0.1099363313909494,987
2017-06-16,35.945,36.125,35.549999,35.567501,33.920437,201444400,0.034957701704860955,680
2017-06-19,35.915001000000004,36.685001,35.915001000000004,36.584998999999996,34.890816,130165600,0.1309797329018913,704
2017-06-20,36.717499,36.717499,36.235001000000004,36.252499,34.573723,99600400,0.04450427643319377,674
2017-06-21,36.380001,36.517502,36.1525,36.467499,34.778755,85063200,0.14829625508527086,632
2017-06-22,36.442501,36.674999,36.279999,36.407501,34.721539,76425200,0.05629977584626045,665
2017-06-23,36.282501,36.790001000000004,36.2775,36.57,34.876507000000004,141757600,0.1745438256785513,700
2017-06-26,36.7925,37.07,36.345001,36.455002,34.766838,102769600,0.11213813208131396,559
2017-06-27,36.252499,36.540001000000004,35.904999,35.932499,34.268524,99047600,0.13160735251268366,790
2017-06-28,36.122501,36.5275,35.790001000000004,36.4575,34.769218,88329600,0.09862972936649413,732
2017-06-29,36.177502000000004,36.282501,35.57,35.919998,34.256607,125997600,0.1060085951532196,794
2017-06-30,36.112499,36.240002000000004,35.945,36.005001,34.337669,92096400,-0.04945715812182727,227
2017-07-03,36.220001,36.325001,35.775002,35.875,34.213696,57111200,0.12415424725631165,506
2017-07-05,35.922501000000004,36.197497999999996,35.68,36.022498999999996,34.354362,86278400,0.12400362641164454,590
2017-07-06,35.755001,35.875,35.602501000000004,35.682499,34.030105999999996,96515200,0.13260711783294082,737
2017-07-07,35.724998,36.1875,35.724998,36.044998,34.375809000000004,76806800,0.1345092837239396,796
2017-07-10,36.0275,36.487499,35.842499,36.264998999999996,34.585625,84362400,0.14575535860260128,665
2017-07-11,36.182499,36.462502,36.095001,36.3825,34.697689000000004,79127200,0.10791749666053158,755
2017-07-12,36.467499,36.544998,36.205002,36.435001,34.747765,99538000,0.13633629774936834,937
2017-07-13,36.375,37.122501,36.360001000000004,36.942501,35.231761999999996,100797600,0.12319175968396567,848
2017-07-14,36.9925,37.3325,36.8325,37.259997999999996,35.534557,80528400,0.11271321198186254,686
2017-07-17,37.205002,37.724998,37.142502,37.389998999999996,35.658535,95174000,0.09383315005049317,651
2017-07-18,37.299999,37.532501,37.1675,37.52,35.782524,71475200,0.08178492470262666,666
2017-07-19,37.619999,37.855,37.487499,37.755001,36.00663,83692000,0.15292779059482314,966
2017-07-20,37.875,37.935001,37.547501000000004,37.584998999999996,35.844505,68974800,0.10814247581017722,796
2017-07-21,37.497501,37.610001000000004,37.220001,37.567501,35.827812,105010400,0.1700143142210339,664
2017-07-24,37.645,38.110001000000004,37.474998,38.022498999999996,36.261749,85972800,0.14456529689409545,515
2017-07-25,37.950001,38.459998999999996,37.950001,38.185001,36.416725,75415600,0.1458389111526287,802
2017-07-26,38.337502,38.482498,38.264998999999996,38.365002000000004,36.588387,63124000,0.1241849266836273,779
2017-07-27,38.4375,38.497501,36.825001,37.639998999999996,35.896961,129905200,0.0750125470422506,873
2017-07-28,37.4725,37.557499,37.297501000000004,37.375,35.644234000000004,68854800,0.03980867915972525,701
2017-07-31,37.474998,37.5825,37.032501,37.182499,35.460644,79383600,0.0019036345598845703,73
2017-08-01,37.275002,37.555,37.102501000000004,37.512501,35.775372,141474400,0.11620598705388227,910
2017-08-02,39.82,39.9375,39.040001000000004,39.285,37.465775,279747200,0.09277402464847273,3992
2017-08-03,39.262501,39.302502000000004,38.755001,38.892502,37.091457,108389200,0.10228322422896208,1221
2017-08-04,39.017502,39.349998,38.922501000000004,39.0975,37.286964000000005,82239600,0.128385817104441,759
2017-08-07,39.264998999999996,39.73,39.1675,39.702498999999996,37.863949,87481200,0.0018039414992305207,631
2017-08-08,39.650002,40.4575,39.567501,40.02,38.166752,144823600,0.13078196193358466,940
2017-08-09,39.814999,40.317501,39.7775,40.264998999999996,38.400397999999996,104526000,0.1966921163273596,1413
2017-08-10,39.974998,40.0,38.657501,38.830002,37.177273,163217200,0.13837989208704282,1167
2017-08-11,39.150002,39.642502,39.017502,39.369999,37.694294,105028400,0.08433366386749125,935
2017-08-14,39.830002,40.052502000000004,39.6875,39.962502,38.26157,88490800,0.13439103474556044,751
2017-08-15,40.165001000000004,40.549999,40.035,40.400002,38.68045,117862000,0.10877087359807933,1137
2017-08-16,40.485001000000004,40.627499,40.037498,40.237499,38.524868,110686400,0.06527681118388495,1044
2017-08-17,40.130001,40.177502000000004,39.459998999999996,39.465,37.785247999999996,111762400,0.08867892391409737,929
2017-08-18,39.465,39.875,39.18,39.375,37.699078,109712400,0.11459075658132435,777
2017-08-21,39.375,39.4725,38.7775,39.302502000000004,37.629669,105474000,0.14174121538184142,651
2017-08-22,39.557499,40.0,39.505001,39.945,38.244816,86418400,0.13717785996308815,816
2017-08-23,39.767502,40.1175,39.720001,39.994999,38.292685999999996,77596400,0.14454972820958564,942
2017-08-24,40.107498,40.185001,39.637501,39.817501,38.122749,79275600,0.1681875080541366,789
2017-08-25,39.912498,40.139998999999996,39.817501,39.965,38.263977000000004,101920400,0.0772235954940132,809
2017-08-28,40.035,40.5,39.982498,40.3675,38.649326,103864000,0.13339348100005705,658
2017-08-29,40.025002,40.779999,40.0,40.727501000000004,38.994011,118067600,0.09936664721414047,1469
2017-08-30,40.950001,40.9725,40.6525,40.837502,39.099334999999996,109078400,0.0978435792970766,1322
2017-08-31,40.91,41.130001,40.869999,41.0,39.254917,107140400,0.2146429504403644,255
2017-09-01,41.200001,41.235001000000004,40.907501,41.012501,39.266884000000005,66364400,0.06077732037067553,664
2017-09-05,40.9375,41.0625,40.139998999999996,40.52,38.795345000000005,117874000,0.14238817101144344,737
2017-09-06,40.677502000000004,40.747501,40.130001,40.477501000000004,38.75465,86606800,0.09035693186401306,931
2017-09-07,40.522498999999996,40.560001,40.09,40.314999,38.599068,87714000,0.07795541538070405,935
2017-09-08,40.215,40.287498,39.6325,39.657501,37.969559000000004,114446000,0.09674162890491704,930
2017-09-11,40.125,40.512501,39.9725,40.375,38.656517,126323200,0.12284191284538518,1196
2017-09-12,40.6525,40.990002000000004,39.692501,40.215,38.503326,286856000,0.07345681805888299,496
2017-09-13,39.967499,39.990002000000004,39.477501000000004,39.912498,38.213703,179629600,0.049481220155530914,1378
2017-09-14,39.747501,39.849998,39.522498999999996,39.57,37.88578,95042800,0.03656964780291316,1485
2017-09-15,39.6175,40.2425,39.5,39.970001,38.268757,196458400,0.11964978001162604,1474
2017-09-18,40.0275,40.125,39.5,39.6675,37.979126,113077600,0.1450515625321373,838
2017-09-19,39.877499,39.942501,39.610001000000004,39.682499,37.993488,83242400,0.12249759059127432,1173
2017-09-20,39.474998,39.564999,38.4575,39.017502,37.356792,211805600,0.07685653799887415,1416
2017-09-21,38.950001,38.950001,38.1875,38.3475,36.715305,150046800,0.06433647591744546,1118
2017-09-22,37.884997999999996,38.067501,37.639998999999996,37.9725,36.356277,186581600,0.02866790519502127,1345
2017-09-25,37.497501,37.9575,37.290001000000004,37.637501,36.035534000000006,177549200,0.0960296184321046,1216
2017-09-26,37.945,38.48,37.922501000000004,38.285,36.655476,146640000,0.12452266252779375,1266
2017-09-27,38.450001,38.68,38.384997999999996,38.557499,36.916378,102016800,0.1503065791442988,902
2017-09-28,38.4725,38.57,38.174999,38.32,36.688988,88022000,0.1083969924230486,871
2017-09-29,38.302502000000004,38.532501,38.0,38.529999,36.890041,105199200,0.09750161790634744,770
2017-10-02,38.564999,38.612499,38.18,38.452498999999996,36.815841999999996,74795200,0.12612590899016138,700
2017-10-03,38.502499,38.772498999999996,38.477501000000004,38.619999,36.976215,64921200,0.10849295173425696,787
2017-10-04,38.407501,38.465,38.115002000000004,38.369999,36.736858000000005,80655200,0.1195801716157445,929
2017-10-05,38.544998,38.860001000000004,38.512501,38.8475,37.194031,85135200,0.07155955068570352,844
2017-10-06,38.7425,38.872501,38.639998999999996,38.825001,37.172482,69630400,0.08366133194762271,805
2017-10-09,38.952498999999996,39.182499,38.872501,38.959998999999996,37.301739000000005,65051600,0.16395487702656913,629
2017-10-10,39.014998999999996,39.5,38.775002,38.974998,37.316097,62468000,0.08631227648349749,862
2017-10-11,38.9925,39.244999,38.9375,39.137501,37.471695000000004,67622400,0.09557570353192413,840
2017-10-12,39.087502,39.342499,38.932499,39.0,37.340038,64500400,0.13031541782517486,697
2017-10-13,39.182499,39.32,39.102501000000004,39.247501,37.577011,65576800,0.06476516566105822,725
2017-10-16,39.474998,40.0,39.412498,39.970001,38.268757,96486000,0.10947453389382387,855
2017-10-17,39.945,40.217499,39.807499,40.1175,38.409981,75989200,0.147413439465273,864
2017-10-18,40.105,40.177502000000004,39.900002,39.939999,38.240032,65496800,0.144473616847181,830
2017-10-19,39.1875,39.27,38.755001,38.994999,37.335255,170336800,0.08694239898448186,1286
2017-10-20,39.1525,39.4375,38.990002000000004,39.0625,37.399876,95896400,0.104581307990399,924
2017-10-23,39.2225,39.422501000000004,38.875,39.0425,37.38073,87937200,0.06006407118574275,709
2017-10-24,39.072497999999996,39.355,39.049999,39.275002,37.603333,71028800,0.09923553601881603,902
2017-10-25,39.227501000000004,39.387501,38.817501,39.102501000000004,37.438175,84828400,0.12298435238589955,779
2017-10-26,39.307499,39.4575,39.195,39.352501000000004,37.677535999999996,68002000,0.04246373843135981,658
2017-10-27,39.822497999999996,40.900002,39.674999,40.762501,39.027522999999995,177816800,0.1068365935700024,1149
2017-10-30,40.9725,42.017502,40.93,41.68,39.905975,178803200,0.11559244149028128,955
2017-10-31,41.974998,42.412498,41.735001000000004,42.259997999999996,40.461285,144187200,0.11158061703554673,293
2017-11-01,42.467499,42.485001000000004,41.4025,41.7225,39.946659000000004,134551200,0.1611532073695538,795
2017-11-02,41.650002,42.125,41.32,42.0275,40.238678,165573600,0.11465550273896635,1116
2017-11-03,43.5,43.564999,42.779999,43.125,41.289471,237594400,0.08030578515044923,3260
2017-11-06,43.092499,43.747501,42.93,43.5625,41.708344,140105200,0.13574166489583886,818
2017-11-07,43.477501000000004,43.8125,43.400002,43.702498999999996,41.842384,97446000,0.0939888056807462,1034
2017-11-08,43.665001000000004,44.060001,43.5825,44.060001,42.184669,97638000,0.11231240070255266,927
2017-11-09,43.7775,44.025002,43.285,43.970001,42.098503,117930400,0.12924209442357615,1181
2017-11-10,43.7775,43.845001,43.567501,43.6675,41.959171000000005,100582000,0.11270233433958968,990
2017-11-13,43.375,43.625,43.349998,43.4925,41.791022999999996,67928400,0.17217436444467554,569
2017-11-14,43.259997999999996,43.369999,42.794998,42.834998999999996,41.159245,99130000,0.1053127875018278,743
2017-11-15,42.4925,42.580002,42.095001,42.27,40.616352,116632400,0.1297408839578411,1057
2017-11-16,42.794998,42.967499,42.575001,42.775002,41.101593,94550000,0.1676180506751004,1108
2017-11-17,42.759997999999996,42.8475,42.41,42.537498,40.87339,87598000,0.14161260947160412,801
2017-11-20,42.572497999999996,42.639998999999996,42.389998999999996,42.494999,40.832546,65049600,0.18970102366113054,622
2017-11-21,42.695,43.424999,42.695,43.285,41.591640000000005,100525200,0.1377216224577637,829
2017-11-22,43.34,43.75,43.262501,43.740002000000004,42.028839000000005,102355600,0.07231379383983577,971
2017-11-24,43.775002,43.875,43.662498,43.7425,42.031242,56106800,0.154409187929075,488
2017-11-27,43.762501,43.77,43.334998999999996,43.522498999999996,41.819843,82867200,0.17861260283032632,553
2017-11-28,43.575001,43.717499,42.965,43.267502,41.574829,105715200,0.12096398521308338,690
2017-11-29,43.157501,43.23,41.790001000000004,42.369999,40.712433000000004,166665600,0.12891920981235827,1045
2017-11-30,42.607498,43.035,42.110001000000004,42.962502,41.281757,166108800,0.10980876387162723,292
2017-12-01,42.487499,42.9175,42.125,42.762501,41.089584,159037200,0.0478948597698598,99
2017-12-04,43.119999,43.154999,42.407501,42.450001,40.789307,130169600,0.12490239058938887,737
2017-12-05,42.264998999999996,42.880001,42.099998,42.41,40.75087,109400800,0.17026118310168809,903
2017-12-06,41.875,42.549999,41.615002000000004,42.252499,40.599529,114240000,0.12465580677720232,897
2017-12-07,42.2575,42.610001000000004,42.227501000000004,42.330002,40.674004,102693200,0.09936160975516227,877
2017-12-08,42.622501,42.75,42.205002,42.342499,40.686008,93420800,0.12726520993021506,848
2017-12-11,42.299999,43.2225,42.197497999999996,43.1675,41.478737,141095200,0.17743584174047547,769
2017-12-12,43.037498,43.0975,42.865002000000004,42.924999,41.245723999999996,77636800,0.17578455826529787,994
2017-12-13,43.125,43.384997999999996,43.0,43.067501,41.382652,95273600,0.19355560420729456,910
2017-12-14,43.099998,43.282501,42.912498,43.055,41.37064,81906000,0.1612437216691756,838
2017-12-15,43.407501,43.5425,43.115002000000004,43.4925,41.791022999999996,160677200,0.13160817803179922,794
2017-12-18,43.720001,44.299999,43.715,44.105,42.379566,117684400,0.13634642731185329,723
2017-12-19,43.7575,43.8475,43.522498999999996,43.634997999999996,41.927948,109745600,0.14053498533518932,1198
2017-12-20,43.717499,43.855,43.3125,43.587502,41.882305,93902400,0.08589936131131756,956
2017-12-21,43.5425,44.005001,43.525002,43.752499,42.040852,83799600,0.17137320096526626,1136
2017-12-22,43.669998,43.855,43.625,43.752499,42.040852,65397600,0.12400224027688575,956
2017-12-26,42.700001,42.8675,42.419998,42.642502,40.974274,132742000,0.0836833793129719,1020
2017-12-27,42.525002,42.695,42.427502000000004,42.650002,40.981483000000004,85992800,0.11248526393276108,1201
2017-12-28,42.75,42.962502,42.619999,42.77,41.096786,65920800,0.0923325951505138,1046
2017-12-29,42.630001,42.647498999999996,42.305,42.307499,40.652374,103999600,0.10526985718118248,988
2018-01-02,42.540001000000004,43.075001,42.314999,43.064999,41.380238,102223600,0.09562983388015683,839
2018-01-03,43.1325,43.637501,42.990002000000004,43.057499,41.373032,118071600,0.1128180388903468,933
2018-01-04,43.134997999999996,43.3675,43.02,43.2575,41.565216,89738400,0.1318314320260524,851
2018-01-05,43.360001000000004,43.842499,43.262501,43.75,42.038452,94640000,0.10542699551910097,280
2018-01-08,43.587502,43.9025,43.482498,43.587502,41.882305,82271200,0.14350593657439478,851
2018-01-09,43.637501,43.764998999999996,43.352501000000004,43.5825,41.877506,86336000,0.12345029879540766,1023
2018-01-10,43.290001000000004,43.575001,43.25,43.572497999999996,41.867889,95839600,0.13525056985520606,919
2018-01-11,43.647498999999996,43.872501,43.622501,43.82,42.105709000000004,74670800,0.12847948256619232,856
2018-01-12,44.044998,44.34,43.912498,44.272498999999996,42.540501,101672400,0.10882578854013716,891
2018-01-16,44.474998,44.8475,44.035,44.047501000000004,42.32431,118263600,0.1316602645031765,851
2018-01-17,44.037498,44.8125,43.767502,44.775002,43.02335,137547200,0.12373912426325714,1077
2018-01-18,44.842499,45.025002,44.5625,44.814999,43.061787,124773600,0.08820843912803862,1686
2018-01-19,44.6525,44.895,44.352501000000004,44.615002000000004,42.869609999999994,129700400,0.11090088457812314,1045
2018-01-22,44.325001,44.445,44.150002,44.25,42.518894,108434400,0.22152551152551134,144
2018-01-23,44.325001,44.860001000000004,44.205002,44.259997999999996,42.528496000000004,130756400,0.06005091304198434,176
2018-01-24,44.3125,44.325001,43.299999,43.555,41.851074,204420400,0.10198513498817784,1483
2018-01-25,43.627499,43.737499,42.6325,42.7775,41.103992,166116000,0.14369959515357242,1278
2018-01-26,43.0,43.0,42.514998999999996,42.877499,41.200081,156572000,0.19428396994466696,1512
2018-01-29,42.540001000000004,42.540001000000004,41.767502,41.990002000000004,40.347297999999995,202561600,0.13282825825305902,1607
2018-01-30,41.3825,41.842499,41.174999,41.7425,40.109482,184192800,0.08875868021796507,1761
2018-01-31,41.717499,42.110001000000004,41.625,41.857498,40.21999,129915600,0.11107621256807976,438
2018-02-01,41.7925,42.154999,41.689999,41.945,40.304066,188923200,0.22582366295907866,1017
2018-02-02,41.5,41.700001,40.025002,40.125,38.555264,346375200,0.0931355655954115,3586
2018-02-05,39.775002,40.970001,39.0,39.122501,37.59198,290954000,0.1711982201554289,1241
2018-02-06,38.7075,40.93,38.5,40.7575,39.163016999999996,272975200,0.11626600775457985,1616
2018-02-07,40.772498999999996,40.849998,39.767502,39.884997999999996,38.32465,206434400,0.11136684792766853,1485
2018-02-08,40.072497999999996,40.25,38.7575,38.787498,37.270084000000004,217562000,0.12125052454373805,1158
2018-02-09,39.267502,39.4725,37.560001,39.102501000000004,37.725952,282690400,0.15094709486349725,1091
2018-02-12,39.625,40.9725,39.377499,40.677502000000004,39.245506,243278000,0.15969307171430674,896
2018-02-13,40.487499,41.1875,40.412498,41.084998999999996,39.638657,130196800,0.11702571744040915,1083
2018-02-14,40.759997999999996,41.884997999999996,40.720001,41.842499,40.369492,162579600,0.15961159332560398,1117
2018-02-15,42.447497999999996,43.272498999999996,42.25,43.247501,41.725037,204588800,0.15150196125084092,1252
2018-02-16,43.09,43.705002,42.942501,43.107498,41.589962,160704400,0.19207355273252386,1078
2018-02-20,43.012501,43.564999,42.855,42.962502,41.450069,135722000,0.1256440494330232,776
2018-02-21,43.2075,43.529999,42.752499,42.767502,41.261936,149886400,0.19403742603300872,900
2018-02-22,42.950001,43.487499,42.927502000000004,43.125,41.60685,123967600,0.13194234635339525,937
2018-02-23,43.4175,43.912498,43.384997999999996,43.875,42.330452,135249600,0.15613525555345853,861
2018-02-26,44.087502,44.8475,44.052502000000004,44.7425,43.167404,152648800,0.12031451632437727,1044
2018-02-27,44.775002,45.119999,44.540001000000004,44.5975,43.027515,155712400,0.12730074872304095,1225
2018-02-28,44.814999,45.154999,44.512501,44.529999,42.962379,151128400,0.17820739427805748,297
2018-03-01,44.634997999999996,44.945,43.165001000000004,43.75,42.209846,195208000,0.1161231018435806,727
2018-03-02,43.200001,44.075001,43.112499,44.052502000000004,42.501698,153816000,0.17078136947866804,1024
2018-03-05,43.802502000000004,44.435001,43.630001,44.205002,42.648827000000004,113605600,0.12114462119099748,726
2018-03-06,44.477501000000004,44.5625,44.032501,44.1675,42.612656,95154000,0.0959165697219878,832
2018-03-07,43.735001000000004,43.962502,43.567501,43.7575,42.217075,126814000,0.1377019398659079,772
2018-03-08,43.869999,44.279999,43.767502,44.235001000000004,42.677765,95096400,0.142436218302867,736
2018-03-09,44.490002000000004,45.0,44.3475,44.994999,43.411015,128740800,0.16712936376666235,730
2018-03-12,45.072497999999996,45.5975,45.052502000000004,45.43,43.830696,128828400,0.05364942753102697,833
2018-03-13,45.647498999999996,45.875,44.810001,44.9925,43.408604,126774000,0.1468824326097561,1018
2018-03-14,45.080002,45.130001,44.452498999999996,44.610001000000004,43.039566,117473600,0.13937912028196933,789
2018-03-15,44.625,45.060001,44.517502,44.662498,43.090221,90975200,0.06847176021450913,787
2018-03-16,44.662498,44.779999,44.404999,44.505001,42.938263,157618800,0.16800468721021314,660
2018-03-19,44.330002,44.3675,43.415001000000004,43.825001,42.2822,133787200,0.14172872332346007,468
2018-03-20,43.810001,44.200001,43.735001000000004,43.810001,42.267731,78597600,0.0993804694631098,944
2018-03-21,43.759997999999996,43.772498999999996,42.814999,42.817501,41.310173,148219600,0.16799425966326856,891
2018-03-22,42.5,43.169998,42.150002,42.212502,40.726467,165963200,0.21786936670845244,763
2018-03-23,42.0975,42.48,41.235001000000004,41.235001000000004,39.783379,164115200,0.23269382790237536,1021
2018-03-26,42.017502,43.275002,41.610001000000004,43.192501,41.67197,150164800,0.1560419589864962,772
2018-03-27,43.419998,43.787498,41.73,42.084998999999996,40.603455,163690400,0.14325761879764176,1104
2018-03-28,41.8125,42.505001,41.297501000000004,41.619999,40.154827000000004,166674000,0.08788744588744585,1162
2018-03-29,41.952498999999996,42.9375,41.724998,41.945,40.468391,153594000,0.1450227222355129,969
2018-04-02,41.66,42.235001000000004,41.1175,41.669998,40.203072,150347200,0.20837236047251625,857
2018-04-03,41.91,42.1875,41.220001,42.0975,40.615520000000004,121112000,0.14852849491193235,1139
2018-04-04,41.220001,43.002499,41.192501,42.9025,41.392178,138422000,0.07461580033621408,999
2018-04-05,43.145,43.557499,43.02,43.200001,41.679203,107732800,0.1818834132201085,853
2018-04-06,42.7425,43.119999,42.049999,42.095001,40.613106,140021200,0.11467654473172068,761
2018-04-09,42.470001,43.272498999999996,42.462502,42.512501,41.015907,116070800,0.1174025991385154,674
2018-04-10,43.25,43.5,42.8825,43.3125,41.78775,113634400,0.16383898011441725,797
2018-04-11,43.057499,43.48,42.924999,43.110001000000004,41.592369,89726400,0.1913126021586323,796
2018-04-12,43.352501000000004,43.75,43.259997999999996,43.535,42.002415,91557200,0.14560701381250646,817
2018-04-13,43.695,43.959998999999996,43.462502,43.682499,42.144721999999994,100497200,0.14179315025651296,815
2018-04-16,43.7575,44.047501000000004,43.7075,43.955002,42.407627000000005,86313600,0.21735560097611148,489
2018-04-17,44.122501,44.735001000000004,44.102501000000004,44.560001,42.991322,106421600,0.21582341873436847,635
2018-04-18,44.452498999999996,44.705002,44.220001,44.459998999999996,42.894844,83018000,0.17655781622787262,526
2018-04-19,43.439999,43.8475,43.165001000000004,43.200001,41.679203,139235200,0.08118880533829873,769
2018-04-20,42.650002,42.805,41.357498,41.43,39.971523,261964400,0.052585721112691663,1309
2018-04-23,41.7075,41.73,41.022498999999996,41.310001,39.855740000000004,146062000,0.09168955814995457,740
2018-04-24,41.4175,41.5825,40.305,40.735001000000004,39.300983,134768000,0.10330217487294267,824
2018-04-25,40.654999,41.355,40.602501000000004,40.912498,39.472229,113528400,0.07871801743681753,897
2018-04-26,41.029999,41.432499,40.842499,41.055,39.609722,111852000,0.07040110983770742,715
2018-04-27,41.0,41.0825,40.157501,40.580002,39.151443,142623200,0.07133050162862152,825
2018-04-30,40.532501,41.814999,40.459998999999996,41.314999,39.860565,169709600,0.11646535975483338,93
2018-05-01,41.602501000000004,42.299999,41.317501,42.275002,40.786770000000004,214277600,0.12213558214572885,1057
2018-05-02,43.807499,44.4375,43.450001,44.142502,42.588531,266157600,0.10533564940696374,3699
2018-05-03,43.970001,44.375,43.610001000000004,44.2225,42.665707,136272800,0.08782535117648196,1129
2018-05-04,44.5625,46.0625,44.5425,45.9575,44.339626,224805200,0.09716089350712764,1848
2018-05-07,46.294998,46.9175,46.1875,46.290001000000004,44.660423,169805600,0.07852368303961613,1197
2018-05-08,46.247501,46.555,45.9175,46.512501,44.875103,113611200,0.04027207355783202,1070
2018-05-09,46.637501,46.849998,46.305,46.84,45.191067,92844800,0.11587476461979765,790
2018-05-10,46.935001,47.592499,46.912498,47.509997999999996,45.837475,111957200,0.1295522495340679,1011
2018-05-11,47.372501,47.514998999999996,46.862499,47.147498999999996,45.663143,104848800,0.09798330236103836,962
2018-05-14,47.252499,47.3825,46.965,47.037498,45.556606,83115200,0.11339827586152755,729
2018-05-15,46.695,46.767502,46.275002,46.610001000000004,45.142567,94780800,0.10545643331076553,862
2018-05-16,46.517502,47.115002000000004,46.5,47.044998,45.563873,76732400,0.10243542218122333,929
2018-05-17,47.0,47.227501000000004,46.59,46.747501,45.275738,69176000,0.11937257285138755,800
2018-05-18,46.797501000000004,46.952498999999996,46.532501,46.577498999999996,45.111092,73190800,0.14149816649368455,709
2018-05-21,47.0,47.317501,46.727501000000004,46.907501,45.430706,73603200,0.11311528145843827,675
2018-05-22,47.095001,47.220001,46.695,46.790001000000004,45.316906,60962800,0.14172810858052518,781
2018-05-23,46.587502,47.125,46.439999,47.09,45.607459999999996,80233600,0.13874950615895845,762
2018-05-24,47.192501,47.209998999999996,46.552502000000004,47.037498,45.556606,92936000,0.0956737385762389,894
2018-05-25,47.057499,47.412498,46.912498,47.145,45.660728000000006,69844000,0.06365307716577856,848
2018-05-29,46.900002,47.1875,46.717499,46.974998,45.496067,90056400,0.10139046238392344,835
2018-05-30,46.93,47.0,46.695,46.875,45.399215999999996,74762000,0.15520392772640704,854
2018-05-31,46.805,47.057499,46.535,46.717499,45.246677000000005,109931200,0.18551426169729748,203
2018-06-01,46.997501,47.564999,46.9375,47.560001,46.062668,93770000,0.14538752676162076,672
2018-06-04,47.91,48.355,47.837502,47.9575,46.447643,105064800,0.11602161073695785,1269
2018-06-05,48.267502,48.485001000000004,48.09,48.327498999999996,46.805991999999996,86264000,0.11361546580927633,1507
2018-06-06,48.407501,48.52,47.98,48.494999,46.96822,83734400,0.12922182649093092,887
2018-06-07,48.535,48.549999,48.084998999999996,48.365002000000004,46.842308,85388800,0.12994800619488678,827
2018-06-08,47.7925,48.0,47.442501,47.924999,46.416171999999996,106627200,0.1332907873366986,1069
2018-06-11,47.837502,47.9925,47.552502000000004,47.807499,46.302372,73234000,0.14389044540040868,743
2018-06-12,47.8475,48.1525,47.787498,48.07,46.556599,67644400,0.1102883350092837,810
2018-06-13,48.105,48.220001,47.610001000000004,47.674999,46.174034000000006,86553600,0.10450011517699867,796
2018-06-14,47.887501,47.892502,47.555,47.700001,46.19825,86440400,0.15391444339331709,845
2018-06-15,47.5075,47.540001000000004,47.064999,47.209998999999996,45.723675,246876800,0.1849478391319882,905
2018-06-18,46.970001,47.305,46.799999,47.185001,45.699455,73939600,0.15865454573941892,702
2018-06-19,46.285,46.5825,45.862499,46.422501000000004,44.960968,134314000,0.1557867498519436,978
2018-06-20,46.587502,46.799999,46.432499,46.625,45.157097,82514800,0.12291015533352345,803
2018-06-21,46.8125,47.087502,46.235001000000004,46.365002000000004,44.905289,102847600,0.12241064555192893,794
2018-06-22,46.529999,46.537498,46.174999,46.23,44.774529,108801600,0.16429254659675893,721
2018-06-25,45.849998,46.23,45.182499,45.5425,44.108677,126652400,0.12791747509163615,746
2018-06-26,45.747501,46.6325,45.634997999999996,46.107498,44.655884,98276800,0.1273259020933365,897
2018-06-27,46.307499,46.82,46.0075,46.040001000000004,44.590508,101141200,0.15911953740925927,813
2018-06-28,46.025002,46.552502000000004,45.950001,46.375,44.914970000000004,69460800,0.11859767615617395,849
2018-06-29,46.572497999999996,46.797501000000004,45.727501000000004,46.2775,44.820538,90950800,0.1897098581197963,647
2018-07-02,45.955002,46.825001,45.855,46.794998,45.321751,70925200,0.16870497623962172,473
2018-07-03,46.947497999999996,46.987499,45.884997999999996,45.98,44.532402000000005,55819200,0.14482154728372806,519
2018-07-05,46.314999,46.602501000000004,46.07,46.349998,44.890747,66416800,0.11853537766805478,484
2018-07-06,46.355,47.107498,46.299999,46.9925,45.513023,69940800,0.13859214095258554,557
2018-07-09,47.375,47.669998,47.325001,47.645,46.144978,79026400,0.1732581538104191,538
2018-07-10,47.677502000000004,47.82,47.544998,47.587502,46.089294,63756400,0.1893407208271345,665
2018-07-11,47.125,47.445,46.9025,46.970001,45.491234000000006,75326000,0.1316963637334122,742
2018-07-12,47.3825,47.852501000000004,47.327498999999996,47.7575,46.253941,72164400,0.17418895804535495,614
2018-07-13,47.77,47.959998999999996,47.724998,47.8325,46.326584000000004,50055600,0.19708090424625047,666
2018-07-16,47.880001,48.162498,47.605,47.727501000000004,46.224888,60172400,0.17637885551948104,428
2018-07-17,47.4375,47.967499,47.299999,47.862499,46.35564,62138000,0.14350096213945973,620
2018-07-18,47.945,47.950001,47.482498,47.599998,46.101397999999996,65573600,0.2243477554191848,581
2018-07-19,47.422501000000004,48.137501,47.422501000000004,47.970001,46.459751000000004,81147200,0.13568934656014378,678
2018-07-20,47.945,48.107498,47.5425,47.860001000000004,46.353214,82704800,0.14865297908454442,602
2018-07-23,47.669998,47.990002000000004,47.389998999999996,47.9025,46.394366999999995,63957600,0.18350947476282686,515
2018-07-24,48.112499,48.415001000000004,48.012501,48.25,46.73093,74791600,0.17193691537729353,683
2018-07-25,48.264998999999996,48.712502,48.107498,48.705002,47.171603999999995,66839600,0.09230199742036913,581
2018-07-26,48.6525,48.990002000000004,48.4025,48.552502000000004,47.023903000000004,76304000,0.14113749909021314,826
2018-07-27,48.747501,48.797501000000004,47.525002,47.744999,46.241833,96096000,0.12011645609023935,658
2018-07-30,47.974998,48.049999,47.267502,47.477501000000004,45.98275,84118000,0.1353375048672674,828
2018-07-31,47.575001,48.035,47.334998999999996,47.572497999999996,46.07476,157492000,0.10716140016366564,274
2018-08-01,49.782501,50.439999,49.327498999999996,50.375,48.789028,271742800,0.12919459129673286,2636
2018-08-02,50.145,52.095001,50.087502,51.8475,50.215171999999995,249616000,0.12272526909391188,3770
2018-08-03,51.7575,52.185001,51.369999,51.997501,50.360447,133789600,0.11045333958178867,2242
2018-08-06,52.0,52.3125,51.767502,52.267502,50.621956,101701600,0.09980650589116537,834
2018-08-07,52.330002,52.375,51.689999,51.7775,50.147372999999995,102349600,0.11694780489999584,1111
2018-08-08,51.512501,51.952498999999996,51.130001,51.8125,50.181278000000006,90102000,0.13675939969382495,854
2018-08-09,52.3825,52.445,51.799999,52.220001,50.575943,93970400,0.15229086107751524,903
2018-08-10,51.84,52.275002,51.6675,51.8825,50.425297,98444800,0.12816862039893875,791
2018-08-13,52.327498999999996,52.737499,51.924999,52.217499,50.750893,103563600,0.15055325232687686,607
2018-08-14,52.540001000000004,52.639998999999996,52.064999,52.4375,50.964718,82992000,0.12203002279575527,777
2018-08-15,52.305,52.685001,52.0825,52.560001,51.083775,115230400,0.16405455731550608,896
2018-08-16,52.9375,53.452498999999996,52.8675,53.330002,51.832146,114001600,0.12246816762518448,947
2018-08-17,53.360001000000004,54.487499,53.290001000000004,54.395,52.867237,141708000,0.12022485204609185,1056
2018-08-20,54.525002,54.794998,53.7775,53.865002000000004,52.352115999999995,121150800,0.10555937182490303,817
2018-08-21,54.200001,54.297501000000004,53.5075,53.759997999999996,52.250060999999995,104639200,0.15057183522159656,953
2018-08-22,53.525002,54.09,53.459998999999996,53.762501,52.252495,76072400,0.15110701122064232,771
2018-08-23,53.662498,54.262501,53.650002,53.872501,52.359406,75532800,0.1560238270253462,721
2018-08-24,54.150002,54.224998,53.7775,54.040001000000004,52.522209,73905600,0.12277187103476422,735
2018-08-27,54.287498,54.685001,54.0825,54.485001000000004,52.954708,82100400,0.1811858550619212,667
2018-08-28,54.752499,55.134997999999996,54.73,54.924999,53.382346999999996,91107200,0.15702659658168244,922
2018-08-29,55.037498,55.872501,54.852501000000004,55.744999,54.179314,109019200,0.17714009659817914,942
2018-08-30,55.8125,57.064999,55.599998,56.2575,54.677422,195175200,0.12462143353698114,1515
2018-08-31,56.627499,57.217499,56.5,56.907501,55.309166000000005,173360400,0.0910903376527092,468
2018-09-04,57.102501000000004,57.294998,56.657501,57.09,55.48654200000001,109560400,0.14610433921424404,999
2018-09-05,57.247501,57.4175,56.275002,56.717499,55.124504,133332000,0.1280236070183592,1218
2018-09-06,56.557499,56.837502,55.325001,55.775002,54.208473,137160000,0.15068284483186048,988
2018-09-07,55.462502,56.342499,55.177502000000004,55.325001,53.771114000000004,150479200,0.13601957376337873,913
2018-09-10,55.237499,55.462502,54.1175,54.5825,53.049461,158066000,0.11012908909424474,1132
2018-09-11,54.502499,56.075001,54.139998999999996,55.962502,54.390708999999994,142996000,0.15262417474234805,1245
2018-09-12,56.235001000000004,56.25,54.959998999999996,55.267502,53.715229,197114800,0.0734521614409806,2216
2018-09-13,55.880001,57.087502,55.642502,56.602501000000004,55.012730000000005,166825600,0.06038416306404287,1984
2018-09-14,56.4375,56.709998999999996,55.630001,55.959998999999996,54.388279000000004,127997200,0.0858958209258413,1195
2018-09-17,55.537498,55.737499,54.317501,54.470001,52.940132,148780400,0.1360718118828358,970
2018-09-18,54.447497999999996,55.462502,54.279999,54.560001,53.027595999999996,126286800,0.1076397684693816,1158
2018-09-19,54.625,54.904999,53.825001,54.592499,53.059189,108495200,0.1193957963659454,924
2018-09-20,55.060001,55.57,54.787498,55.0075,53.462528000000006,106435200,0.12123546140772985,914
2018-09-21,55.195,55.34,54.322497999999996,54.415001000000004,52.886672999999995,384986800,0.15607155779268456,859
2018-09-24,54.205002,55.314999,54.157501,55.197497999999996,53.64719,110773600,0.143323843543551,791
2018-09-25,54.9375,55.705002,54.924999,55.547501000000004,53.987362,98217600,0.13943584704311882,911
2018-09-26,55.25,55.9375,54.939999,55.105,53.557297,95938800,0.17082344611080527,788
2018-09-27,55.955002,56.610001000000004,55.884997999999996,56.237499,54.657978,120724800,0.1234785619433248,1052
2018-09-28,56.197497999999996,56.459998999999996,56.005001,56.435001,54.849937,91717600,0.1638172940352607,782
2018-10-01,56.987499,57.355,56.587502,56.814999,55.219260999999996,94403200,0.14711183340809214,533
2018-10-02,56.8125,57.5,56.657501,57.32,55.710079,99152800,0.12293584946443716,874
2018-10-03,57.512501,58.3675,57.445,58.017502,56.387985,114619200,0.11086283236963597,1047
2018-10-04,57.695,58.087502,56.682499,56.997501,55.396641,128168000,0.093901874063817,1091
2018-10-05,56.990002000000004,57.102501000000004,55.145,56.072497999999996,54.49762,134322000,0.12776951359887986,978
2018-10-08,55.552502000000004,56.200001,55.049999,55.942501,54.371277,118655600,0.13393084045518375,691
2018-10-09,55.91,56.817501,55.5625,56.717499,55.124504,107564000,0.1341668912793725,817
2018-10-10,56.365002000000004,56.587502,54.012501,54.09,52.57080500000001,167962400,0.1145342879770174,887
2018-10-11,53.630001,54.875,53.080002,53.612499,52.106712,212497600,0.06871185880847169,1311
2018-10-12,55.105,55.720001,54.209998999999996,55.5275,53.967926,161351600,0.1273433023342287,917
2018-10-15,55.290001000000004,55.4575,54.317501,54.34,52.813778000000006,123164000,0.13828389738633992,730
2018-10-16,54.732498,55.747501,54.189999,55.537498,53.97764599999999,116736000,0.11544870638257625,873
2018-10-17,55.575001,55.66,54.834998999999996,55.297501000000004,53.744381000000004,91541600,0.13712298174798265,761
2018-10-18,54.465,54.935001,53.25,54.005001,52.488186,130325200,0.12002256213126113,872
2018-10-19,54.514998999999996,55.314999,54.357498,54.827498999999996,53.28758199999999,132314800,0.07079701772718633,853
2018-10-22,54.947497999999996,55.84,54.735001000000004,55.162498,53.613181999999995,115168400,0.13202830918513506,706
2018-10-23,53.9575,55.8125,53.674999,55.682499,54.118568,155071200,0.08253500528036467,866
2018-10-24,55.650002,56.057499,53.634997999999996,53.772498999999996,52.262215000000005,163702000,0.10519536055710174,942
2018-10-25,54.427502000000004,55.345001,54.1875,54.950001,53.406643,119423200,0.11259541233525287,915
2018-10-26,53.974998,55.047501000000004,53.1675,54.075001,52.556217000000004,189033600,0.10822406846805636,1065
2018-10-29,54.797501000000004,54.922501000000004,51.522498999999996,53.060001,51.569733,183742000,0.10708434124500743,932
2018-10-30,52.787498,53.794998,52.317501,53.325001,51.827282000000004,146640000,0.040793486299886834,1452
2018-10-31,54.220001,55.112499,54.154999,54.715,53.178249,153435600,0.04177623029071212,352
2018-11-01,54.762501,55.59,54.202498999999996,55.555,53.994656000000006,233292800,0.1061365313861692,1294
2018-11-02,52.387501,53.412498,51.357498,51.869999,50.413158,365314800,0.07534962361351323,5285
2018-11-05,51.075001,51.0975,49.5425,50.397498999999996,48.982002,264654800,0.07649819342247757,1658
2018-11-06,50.48,51.18,50.422501000000004,50.942501,49.5117,127531600,0.07241577674193239,1235
2018-11-07,51.4925,52.514998999999996,51.032501,52.487499,51.013309,133697600,0.12328936775760076,1040
2018-11-08,52.494999,52.529999,51.6875,52.122501,50.83532,101450400,0.09164056910649304,922
2018-11-09,51.387501,51.502499,50.5625,51.1175,49.855137,137463200,0.09727994607108784,842
2018-11-12,49.75,49.962502,48.447497999999996,48.5425,47.343723,204542000,0.08012997045475115,1316
2018-11-13,47.907501,49.294998,47.862499,48.057499,46.870705,187531600,0.015860253400694142,1821
2018-11-14,48.474998,48.619999,46.482498,46.700001,45.546726,243204000,0.06493722545676553,1754
2018-11-15,47.0975,47.9925,46.724998,47.852501000000004,46.670769,185915200,0.107372890874235,1716
2018-11-16,47.625,48.7425,47.365002000000004,48.3825,47.187675,147713200,0.12381014230876496,1209
2018-11-19,47.5,47.674999,46.247501,46.465,45.317532,167701200,0.035111420535273774,1228
2018-11-20,44.592499,45.3675,43.877499,44.244999,43.152347999999996,271300800,0.08200059372615259,1960
2018-11-21,44.932499,45.067501,44.137501,44.195,43.103588,124496800,0.08574313101465733,1516
2018-11-23,43.735001000000004,44.150002,43.025002,43.072497999999996,42.008812,94496000,0.12640877295897954,950
2018-11-26,43.560001,43.737499,42.564999,43.654999,42.576923,179994000,0.11215809081440443,1047
2018-11-27,42.877499,43.692501,42.720001,43.560001,42.484268,165549600,0.08365179521596633,1752
2018-11-28,44.182499,45.322497999999996,43.732498,45.235001000000004,44.117905,184250000,0.11238033789029406,1229
2018-11-29,45.665001000000004,45.700001,44.424999,44.887501,43.778991999999995,167080000,0.14371850015666054,1257
2018-11-30,45.072497999999996,45.0825,44.2575,44.645,43.54248,158126000,0.08243768001868365,313
2018-12-03,46.115002000000004,46.235001000000004,45.302502000000004,46.205002,45.06395,163210000,0.11680652206306512,886
2018-12-04,45.237499,45.5975,44.067501,44.172501000000004,43.081646,165377200,0.1000191057724222,1374
2018-12-06,42.939999,43.695,42.605,43.68,42.601310999999995,172393600,0.10976105872517787,1131
2018-12-07,43.372501,43.622501,42.075001,42.122501,41.082271999999996,169126400,0.08746195423067274,1169
2018-12-10,41.25,42.522498999999996,40.8325,42.400002,41.352917,248104000,0.08886431718447821,1553
2018-12-11,42.915001000000004,42.947497999999996,41.75,42.157501,41.116405,189126800,0.08307692693693039,1494
2018-12-12,42.599998,42.98,42.255001,42.275002,41.231007,142510800,0.09403131674108743,1119
2018-12-13,42.622501,43.142502,42.387501,42.737499,41.682083,127594400,0.10122985421967552,1358
2018-12-14,42.25,42.27,41.32,41.369999,40.348351,162814800,0.10162264723875553,1240
2018-12-17,41.362499,42.087502,40.682499,40.985001000000004,39.972862,177151600,0.15840409963004898,941
2018-12-18,41.345001,41.8825,41.0975,41.517502,40.49221,135366000,0.13440701987865786,1158
2018-12-19,41.5,41.862499,39.772498999999996,40.2225,39.229183,196189200,0.0996246393680068,1036
2018-12-20,40.099998,40.5275,38.825001,39.2075,38.239253999999995,259092000,0.09838033096305827,1339
2018-12-21,39.215,39.540001000000004,37.407501,37.682499,36.751911,382978400,0.07038667880401261,1308
2018-12-24,37.037498,37.887501,36.647498999999996,36.7075,35.800995,148676800,0.10039081803883464,830
2018-12-26,37.075001,39.307499,36.68,39.2925,38.322155,234330000,0.08154593058046236,794
2018-12-27,38.959998999999996,39.192501,37.517502,39.037498,38.073456,212468400,0.12497929876409307,1172
2018-12-28,39.375,39.630001,38.637501,39.057499,38.09296,169165600,0.1038196691676131,934
2018-12-31,39.6325,39.84,39.119999,39.435001,38.46114,140014000,0.012591012486564912,101
2019-01-02,38.7225,39.712502,38.557499,39.48,38.505024,148158800,0.09936612506128477,687
2019-01-03,35.994999,36.43,35.5,35.547501000000004,34.66964,365248800,0.0355140009098423,7871
2019-01-04,36.1325,37.137501,35.950001,37.064999,36.149662,234428400,0.04911381977820137,3237
2019-01-07,37.174999,37.2075,36.474998,36.982498,36.069202000000004,219111200,0.10658667351564237,1268
2019-01-08,37.389998999999996,37.955002,37.130001,37.6875,36.756794,164101200,0.09950773293028012,1423
2019-01-09,37.822497999999996,38.6325,37.407501,38.327498999999996,37.380984999999995,180396400,0.0914026322210211,1833
2019-01-10,38.125,38.4925,37.715,38.450001,37.500465000000005,143122800,0.11359354513814805,1157
2019-01-11,38.220001,38.424999,37.877499,38.072497999999996,37.132290000000005,108092800,0.11686866276558627,1089
2019-01-14,37.712502,37.817501,37.305,37.5,36.573921,129756800,0.13944699152851406,805
2019-01-15,37.567501,38.3475,37.512501,38.267502,37.322472,114843600,0.12088474587964687,1024
2019-01-16,38.27,38.970001,38.25,38.735001000000004,37.778423,122278800,0.10037700233242787,1239
2019-01-17,38.549999,39.415001000000004,38.314999,38.965,38.002739,119284800,0.07305197335392416,1148
2019-01-18,39.375,39.470001,38.994999,39.205002,38.236813,135004000,0.09524566018504416,1220
2019-01-22,39.102501000000004,39.182499,38.154999,38.325001,37.378555,121576000,0.097192452404136,987
2019-01-23,38.537498,38.785,37.924999,38.48,37.529724,92522400,0.09194997491607952,1058
2019-01-24,38.5275,38.619999,37.935001,38.174999,37.232254,101766000,0.09937372878650748,1115
2019-01-25,38.869999,39.532501,38.580002,39.439999,38.466007,134142000,0.09254131896860236,1157
2019-01-28,38.947497999999996,39.0825,38.415001000000004,39.075001,38.110027,104768400,0.09937623356020568,1140
2019-01-29,39.0625,39.532501,38.5275,38.669998,37.715031,166348800,0.07305382571175513,1856
2019-01-30,40.8125,41.537498,40.057499,41.3125,40.292266999999995,244439200,0.07068453532627961,4778
2019-01-31,41.5275,42.25,41.139998999999996,41.610001000000004,40.582428,162958400,0.1153101431486892,598
2019-02-01,41.740002000000004,42.244999,41.482498,41.630001,40.601936,130672400,0.08672326502869993,754
2019-02-04,41.852501000000004,42.915001000000004,41.82,42.8125,41.755226,125982000,0.12222558857942928,884
2019-02-05,43.215,43.77,43.087502,43.544998,42.469643,144406400,0.12701773030909486,1351
2019-02-06,43.662498,43.892502,43.212502,43.560001,42.484268,112958400,0.10705836320778096,1188
2019-02-07,43.099998,43.485001000000004,42.584998999999996,42.735001000000004,41.679646000000005,126966800,0.12205688603095025,990
2019-02-08,42.247501,42.665001000000004,42.105,42.602501000000004,41.728615000000005,95280000,0.10566823788577062,920
2019-02-11,42.762501,42.802502000000004,42.3125,42.357498,41.488640000000004,83973600,0.08961548853361098,835
2019-02-12,42.525002,42.75,42.424999,42.7225,41.846160999999995,89134000,0.11759430457469175,986
2019-02-13,42.8475,43.119999,42.48,42.544998,41.672295,89960800,0.09902211448838157,1011
2019-02-14,42.427502000000004,42.814999,42.345001,42.700001,41.82412,87342800,0.1078424219360748,1034
2019-02-15,42.8125,42.924999,42.4375,42.605,41.73106,98507200,0.12129426605172752,1046
2019-02-19,42.427502000000004,42.860001000000004,42.372501,42.732498,41.855953,75891200,0.10277239952815333,765
2019-02-20,42.797501000000004,43.330002,42.747501,43.0075,42.125313,104457600,0.0993914088144858,1010
2019-02-21,42.950001,43.092499,42.575001,42.764998999999996,41.887783,68998800,0.0740844585995255,1150
2019-02-22,42.895,43.25,42.845001,43.2425,42.355495,75652800,0.13865339999636167,884
2019-02-25,43.540001000000004,43.967499,43.487499,43.557499,42.664028,87493600,0.1515686912803759,1022
2019-02-26,43.427502000000004,43.825001,43.2925,43.5825,42.688511,68280800,0.14161891372703914,1150
2019-02-27,43.302502000000004,43.75,43.182499,43.717499,42.820747,111341600,0.1383935130348949,860
2019-02-28,43.580002,43.727501000000004,43.23,43.287498,42.399570000000004,112861600,0.16379668416188084,299
2019-03-01,43.57,43.787498,43.2225,43.7425,42.845234000000005,103544800,0.13198923906336169,668
2019-03-04,43.922501000000004,44.4375,43.4925,43.962502,43.060719,109744800,0.1283487299667907,978
2019-03-05,43.985001000000004,44.0,43.634997999999996,43.8825,42.982357,78949600,0.1367775902338396,965
2019-03-06,43.6675,43.872501,43.485001000000004,43.630001,42.735043,83241600,0.18562663803059096,1050
2019-03-07,43.467499,43.610001000000004,43.005001,43.125,42.240398,99185600,0.130486599026259,1050
2019-03-08,42.580002,43.267502,42.375,43.227501000000004,42.340796999999995,95997600,0.10771389529023087,948
2019-03-11,43.872501,44.779999,43.837502,44.724998,43.807579,128044000,0.10409594849744867,1174
2019-03-12,45.0,45.6675,44.842499,45.227501000000004,44.299774,129870400,0.13615373908635167,1669
2019-03-13,45.5625,45.825001,45.23,45.427502000000004,44.495667,124130000,0.09655924373574848,1276
2019-03-14,45.974998,46.025002,45.639998999999996,45.932499,44.990303000000004,94318000,0.12258354485387828,1354
2019-03-15,46.212502,46.8325,45.935001,46.529999,45.57555,156171600,0.10453436535852542,1365
2019-03-18,46.450001,47.0975,46.447497999999996,47.005001,46.040817,104879200,0.08181165010986538,1004
2019-03-19,47.087502,47.247501,46.48,46.6325,45.675953,126585600,0.1598003997372111,1235
2019-03-20,46.557499,47.372501,46.182499,47.040001000000004,46.075096,124140800,0.13499224302446244,1007
2019-03-21,47.505001,49.0825,47.452498999999996,48.772498999999996,47.772057000000004,204136800,0.1239385759882444,1803
2019-03-22,48.834998999999996,49.422501000000004,47.695,47.762501,46.782771999999994,169630800,0.11955647905716475,1471
2019-03-25,47.877499,47.994999,46.650002,47.185001,46.217113,175381200,0.08076860356671489,2279
2019-03-26,47.915001000000004,48.220001,46.145,46.697497999999996,45.73962,199202000,0.07681686837250197,2668
2019-03-27,47.1875,47.439999,46.637501,47.1175,46.151005,119393600,0.1134375207597314,1816
2019-03-28,47.237499,47.389998999999996,46.8825,47.18,46.212219,83121600,0.1224882169283024,1076
2019-03-29,47.4575,47.52,47.134997999999996,47.487499,46.513416,94256000,0.13070652439339747,1080
2019-04-01,47.91,47.919998,47.095001,47.810001,46.829304,111448000,0.07972290417086318,792
2019-04-02,47.772498999999996,48.615002000000004,47.762501,48.505001,47.510036,91062800,0.10581298197303507,1046
2019-04-03,48.3125,49.125,48.287498,48.837502,47.835732,93087200,0.13540523624141476,1151
2019-04-04,48.697497999999996,49.092499,48.285,48.922501000000004,47.918972,76457200,0.1370078102539757,1064
2019-04-05,49.112499,49.275002,48.982498,49.25,48.239758,74106400,0.14055595999653578,1112
2019-04-08,49.105,50.057499,49.084998999999996,50.025002,48.998871,103526800,0.08407905928104911,966
2019-04-09,50.080002,50.712502,49.807499,49.875,48.85194,143072800,0.13522851745245396,1590
2019-04-10,49.669998,50.185001,49.544998,50.154999,49.126194,86781200,0.11083417016654844,1349
2019-04-11,50.212502,50.25,49.610001000000004,49.737499,48.717262,83603200,0.13655645506812653,1045
2019-04-12,49.799999,50.035,49.052502000000004,49.717499,48.697666,111042800,0.1264007056978574,1096
2019-04-15,49.645,49.962502,49.502499,49.807499,48.78582,70146400,0.13940965782486547,853
2019-04-16,49.865002000000004,50.342499,49.639998999999996,49.8125,48.790721999999995,102785600,0.1194782804114903,1105
2019-04-17,49.884997999999996,50.845001,49.6525,50.782501,49.740826,115627200,0.10122424291229136,1830
2019-04-18,50.779999,51.037498,50.630001,50.965,49.919585999999995,96783200,0.11189445408339962,1225
2019-04-22,50.7075,51.235001000000004,50.584998999999996,51.1325,50.083645000000004,77758000,0.1933157630295909,715
2019-04-23,51.107498,51.9375,50.974998,51.869999,50.806026,93292000,0.1902879316548253,1025
2019-04-24,51.84,52.119999,51.762501,51.790001000000004,50.727665,70162400,0.1357227920345177,1060
2019-04-25,51.7075,51.939999,51.279999,51.32,50.2673,74172800,0.13927218146307302,917
2019-04-26,51.224998,51.25,50.529999,51.075001,50.027325,74596400,0.17746907375085652,827
2019-04-29,51.099998,51.4925,50.965,51.1525,50.103237,88818800,0.1241817471891174,806
2019-04-30,50.764998999999996,50.849998,49.7775,50.1675,49.138439,186139600,0.05965875139910254,329
2019-05-01,52.470001,53.827498999999996,52.307499,52.630001,51.550426,259309200,0.09595606453991484,2251
2019-05-02,52.459998999999996,53.162498,52.032501,52.287498,51.214951,127985200,0.10582750370169568,1720
2019-05-03,52.7225,52.959998999999996,52.557499,52.9375,51.851620000000004,83569600,0.11360505789860025,1103
2019-05-06,51.072497999999996,52.209998999999996,50.875,52.119999,51.050892,129772400,0.10587614028084652,1081
2019-05-07,51.470001,51.855,50.2075,50.715,49.674709,155054800,0.17032974267824558,1219
2019-05-08,50.474998,51.334998999999996,50.4375,50.724998,49.684498,105358000,0.1667418022481625,1144
2019-05-09,50.099998,50.419998,49.165001000000004,50.18,49.150684000000005,139634400,0.17199747830276715,1131
2019-05-10,49.355,49.712502,48.192501,49.294998,48.469784000000004,164834800,0.1470551329062846,1318
2019-05-13,46.927502000000004,47.369999,45.712502,46.43,45.65274,229722400,0.12195875694930168,1375
2019-05-14,46.602501000000004,47.424999,46.352501000000004,47.165001000000004,46.375434999999996,146118800,0.12834216949786234,1605
2019-05-15,46.567501,47.9375,46.505001,47.73,46.930973,106178800,0.14126648432227967,1222
2019-05-16,47.477501000000004,48.1175,47.209998999999996,47.52,46.724491,132125600,0.11749858480058407,1227
2019-05-17,46.732498,47.724998,46.689999,47.25,46.459011,131516400,0.08119985952216817,1078
2019-05-20,45.880001,46.087502,45.07,45.772498999999996,45.006248,154449200,0.10438871446534134,787
2019-05-21,46.305,47.0,46.174999,46.650002,45.869057,113459200,0.1591454904389406,1430
2019-05-22,46.165001000000004,46.427502000000004,45.637501,45.695,44.930046000000004,118994400,0.11836215104998687,1417
2019-05-23,44.950001,45.134997999999996,44.452498999999996,44.915001000000004,44.163101,146118800,0.09726040287291077,1374
2019-05-24,45.049999,45.535,44.654999,44.7425,43.993488,94858800,0.11148959172115,1022
2019-05-28,44.73,45.147498999999996,44.477501000000004,44.557499,43.811584,111792800,0.16394259643983966,940
2019-05-29,44.105,44.837502,44.0,44.345001,43.602641999999996,113924800,0.15716746485786712,1107
2019-05-30,44.487499,44.807499,44.1675,44.575001,43.828793,84873600,0.12112457197140836,943
2019-05-31,44.057499,44.497501,43.747501,43.767502,43.034817,108174400,0.05356045573958329,217
2019-06-03,43.900002,44.48,42.567501,43.325001,42.59972,161584400,0.05075055270667675,1192
2019-06-04,43.860001000000004,44.9575,43.630001,44.91,44.158184000000006,123872000,0.07244039320308103,1559
2019-06-05,46.07,46.247501,45.285,45.634997999999996,44.871044,119093600,0.12554292815103124,1172
2019-06-06,45.77,46.3675,45.537498,46.305,45.529827000000004,90105200,0.0911720579145264,923
2019-06-07,46.627499,47.98,46.442501,47.537498,46.741699,122737600,0.1214301221942678,892
2019-06-10,47.952498999999996,48.842499,47.904999,48.145,47.339031,104883600,0.10302688682151016,627
2019-06-11,48.715,49.0,48.400002,48.702498999999996,47.887196,107731600,0.1790855653542355,897
2019-06-12,48.487499,48.9925,48.3475,48.547501000000004,47.734787,73012800,0.1506766829078563,831
2019-06-13,48.674999,49.197497999999996,48.400002,48.537498,47.724957,86698400,0.1310008634007778,717
2019-06-14,47.887501,48.397498999999996,47.575001,48.185001,47.378368,75046000,0.1353147830966187,773
2019-06-17,48.224998,48.740002000000004,48.0425,48.4725,47.661045,58676400,0.10484286379059712,566
2019-06-18,49.012501,50.072497999999996,48.802502000000004,49.612499,48.781967,106204000,0.0995842577661673,808
2019-06-19,49.919998,49.970001,49.327498999999996,49.467499,48.639389,84496800,0.17978023613888505,850
2019-06-20,50.092499,50.1525,49.5075,49.865002000000004,49.030235,86056000,0.13137545002533882,818
2019-06-21,49.700001,50.212502,49.537498,49.695,48.863079,191202400,0.12306573653578814,744
2019-06-24,49.634997999999996,50.040001000000004,49.5425,49.645,48.813919,72881600,0.1416341794031315,495
2019-06-25,49.607498,49.814999,48.822497999999996,48.892502,48.074020000000004,84281200,0.12142847903866415,641
2019-06-26,49.442501,50.247501,49.337502,49.950001,49.113811,104270000,0.10251253161161968,881
2019-06-27,50.072497999999996,50.392502,49.892502,49.935001,49.099064,83598800,0.14324579361276632,779
2019-06-28,49.669998,49.875,49.262501,49.48,48.65168,124442400,0.098834303414846,1173
2019-07-01,50.7925,51.122501,50.162498,50.387501,49.543983000000004,109012000,0.12740798769425296,664
2019-07-02,50.352501000000004,50.782501,50.34,50.682499,49.834049,67740800,0.06038959247227321,705
2019-07-03,50.82,51.110001000000004,50.672501000000004,51.102501000000004,50.247021000000004,45448000,0.11587749105983088,681
2019-07-05,50.837502,51.27,50.724998,51.057499,50.202774,69062000,0.09760443210815932,438
2019-07-08,50.202498999999996,50.349998,49.602501000000004,50.005001,49.167891999999995,101354400,0.057997277609237376,865
2019-07-09,49.799999,50.377499,49.702498999999996,50.310001,49.467785,82312000,0.09105774628999984,909
2019-07-10,50.462502,50.932499,50.389998999999996,50.807499,49.956955,71588400,0.07577682642214678,730
2019-07-11,50.827498999999996,51.0975,50.427502000000004,50.4375,49.593154999999996,80767200,0.10180074400513464,714
2019-07-12,50.612499,51.0,50.549999,50.825001,49.974163,70380800,0.11274147873129213,542
2019-07-15,51.022498999999996,51.467499,51.0,51.302502000000004,50.44368,67789600,0.1617941314322091,490
2019-07-16,51.147498999999996,51.5275,50.875,51.125,50.269141999999995,67467200,0.14270759134618075,676
2019-07-17,51.012501,51.272498999999996,50.817501,50.837502,49.986462,56430000,0.12826133209800258,633
2019-07-18,51.0,51.470001,50.924999,51.415001000000004,50.554291,74162400,0.13227900642762982,775
2019-07-19,51.447497999999996,51.625,50.59,50.647498999999996,49.799640999999994,83717200,0.08100277245218447,529
2019-07-22,50.912498,51.807499,50.9025,51.805,50.937756,89111600,0.1003368491928471,501
2019-07-23,52.115002000000004,52.227501000000004,51.822497999999996,52.209998999999996,51.335976,73420800,0.11628191717484312,895
2019-07-24,51.9175,52.287498,51.7925,52.1675,51.294189,59966400,0.08800378309947665,822
2019-07-25,52.2225,52.310001,51.682499,51.755001,50.888599,55638400,0.1350678503743594,683
2019-07-26,51.869999,52.432499,51.785,51.935001,51.065585999999996,70475600,0.10252852412765227,829
2019-07-29,52.115002000000004,52.66,52.110001000000004,52.419998,51.542460999999996,86693600,0.12936604512902025,771
2019-07-30,52.189999,52.540001000000004,51.827498999999996,52.195,51.321232,135742800,0.12882764432188534,1082
2019-07-31,54.105,55.342499,52.825001,53.259997999999996,52.368396999999995,277125600,0.10792756807253596,1415
2019-08-01,53.474998,54.5075,51.685001,52.107498,51.235191,216071600,0.062346198499104326,833
2019-08-02,51.3825,51.607498,50.407501,51.005001,50.151157,163448400,0.0914020241841847,1065
2019-08-05,49.497501,49.662498,48.145,48.334998999999996,47.525852,209572000,0.06541685157010957,838
2019-08-06,49.077498999999996,49.517502,48.509997999999996,49.25,48.425529,143299200,0.0790419651460815,1026
2019-08-07,48.852501000000004,49.889998999999996,48.455002,49.759997999999996,48.926994,133457600,0.05672978322040818,767
2019-08-08,50.049999,50.8825,49.8475,50.857498,50.006122999999995,108038000,0.1188054489183372,779
2019-08-09,50.325001,50.689999,49.822497999999996,50.247501,49.594051,98478800,0.12316829362975625,701
2019-08-12,49.904999,50.512501,49.787498,50.119999,49.468208000000004,89927600,0.09820892342252344,524
2019-08-13,50.255001,53.035,50.119999,52.2425,51.563107,188874000,0.12426404844971795,987
2019-08-14,50.790001000000004,51.610001000000004,50.647498999999996,50.6875,50.028328,146189600,0.11726263980407747,964
2019-08-15,50.865002000000004,51.285,49.9175,50.435001,49.779109999999996,108909600,0.08038870006793178,679
2019-08-16,51.07,51.790001000000004,50.959998999999996,51.625,50.953635999999996,110481600,0.06774790032570413,754
2019-08-19,52.654999,53.182499,52.5075,52.587502,51.903625,97654400,0.10574515902226564,910
2019-08-20,52.720001,53.337502,52.580002,52.59,51.90609,107537200,0.0779380949072978,1115
2019-08-21,53.247501,53.412498,52.900002,53.16,52.468678000000004,86141600,0.08601063328683989,1176
2019-08-22,53.297501000000004,53.610001000000004,52.6875,53.115002000000004,52.424263,89014800,0.058496707094053996,1007
2019-08-23,52.357498,53.012501,50.25,50.66,50.001186,187272000,0.09733013673260782,1103
2019-08-26,51.465,51.797501000000004,51.264998999999996,51.622501,50.951172,104174400,0.07234039473599846,888
2019-08-27,51.965,52.137501,50.8825,51.040001000000004,50.376244,103493200,0.11754142608029802,962
2019-08-28,51.025002,51.43,50.830002,51.3825,50.714290999999996,63755200,0.06147687840029702,895
2019-08-29,52.125,52.330002,51.665001000000004,52.252499,51.572975,83962000,0.056460018368325836,1083
