Date,ts_polarity,twitter_volume
2016-01-01,0.11969256317245512,417
2016-01-02,0.1407741621369437,495
2016-01-03,0.18113163539625915,518
2016-01-04,0.0703887781058001,1133
2016-01-05,0.13363478990194652,1430
2016-01-06,0.07204193579609786,1949
2016-01-07,0.07436947959090122,2289
2016-01-08,0.05159477395411488,2235
2016-01-09,0.03234205961658576,892
2016-01-10,0.14592163403126968,625
2016-01-11,0.01944324968507005,1222
2016-01-12,0.12136357116938168,1293
2016-01-13,0.10771386594060237,1292
2016-01-14,0.039248107597894655,1264
2016-01-15,0.09378402846369974,1336
2016-01-16,0.08654932051349712,732
2016-01-17,0.1759431715529276,416
2016-01-18,0.16688957563567428,585
2016-01-19,0.12058492836609053,960
2016-01-20,0.02467865707941691,1412
2016-01-21,0.12454607888788526,1082
2016-01-22,0.0962731562321936,1200
2016-01-23,0.1039791873814763,829
2016-01-24,0.11110274333018684,416
2016-01-25,0.059140380202586273,874
2016-01-26,0.06045071581364848,1743
2016-01-27,0.058255708742436164,5511
2016-01-28,0.05121133933378536,2143
2016-01-29,0.0823940465126845,1542
2016-01-30,0.07789299288989493,1009
2016-01-31,-0.07250020041686728,333
2016-02-01,0.03731382930910565,660
2016-02-02,0.09529031486440187,1410
2016-02-03,0.09270359677316244,999
2016-02-04,0.12324569850561935,1114
2016-02-05,0.11040622321633843,823
2016-02-06,0.11398967740540746,598
2016-02-07,0.14967622958784574,366
2016-02-08,0.061634278052520364,795
2016-02-09,0.09907132574146377,1188
2016-02-10,0.07352761698037387,1045
2016-02-11,0.07148689490356158,1194
2016-02-12,0.053296592296592234,1014
2016-02-13,0.07920804286964278,1148
2016-02-14,-0.02086141772617195,523
2016-02-15,0.10594208619065223,762
2016-02-16,0.04112649767228277,1272
2016-02-17,0.03995790227918733,2215
2016-02-18,0.03798725963527039,2418
2016-02-19,0.05731492928798033,2226
2016-02-20,0.06583586131080382,2180
2016-02-21,0.12060875152081013,756
2016-02-22,0.06587195512548477,1536
2016-02-23,0.05971364394441525,2078
2016-02-24,0.017401049968643282,1843
2016-02-25,-0.030528219051345677,1839
2016-02-26,0.01964566558632369,2319
2016-02-27,0.027827356503595302,1277
2016-02-28,0.028766413122345038,541
2016-02-29,0.27416057332023724,152
2016-03-01,0.042562765847668736,1427
2016-03-02,0.05384871326934088,1876
2016-03-03,0.03997778615212852,1536
2016-03-04,0.036094008337988426,1893
2016-03-05,0.09601692912508286,806
2016-03-06,0.16460762662199424,517
2016-03-07,-0.04232458806525352,1116
2016-03-08,-0.025117230616827132,1703
2016-03-09,0.013739813980543636,1113
2016-03-10,0.02206026659644084,1289
2016-03-11,-0.036876300891827085,1817
2016-03-12,-0.035632183988698614,877
2016-03-13,0.010582152166829506,303
2016-03-14,0.06352649705226149,868
2016-03-15,0.07784403846880683,1446
2016-03-16,-0.059234495689176374,1561
2016-03-17,0.015097425899495753,1911
2016-03-18,0.04558523544925011,1406
2016-03-19,0.0576276720069239,739
2016-03-20,-0.026932768447845312,531
2016-03-21,0.0030230313056911484,3052
2016-03-22,0.05997579596270582,3841
2016-03-23,0.044769641665340136,1866
2016-03-24,0.07502267776263871,1883
2016-03-25,-0.012269332501983754,1222
2016-03-26,0.020542811975738373,510
2016-03-27,0.039101650733525666,395
2016-03-28,0.02375449240954477,1086
2016-03-29,0.06363899846001661,2138
2016-03-30,0.11108308087888036,2037
2016-03-31,0.04115141743403145,536
2016-04-01,0.04821962491022175,1066
2016-04-02,0.07139744328176814,748
2016-04-03,0.16997543124994088,450
2016-04-04,0.12888290874036454,1124
2016-04-05,0.05683211572947861,1541
2016-04-06,0.05651491073455767,1287
2016-04-07,0.063461089386155,1354
2016-04-08,0.04703457612300799,1359
2016-04-09,-0.0048612977582401795,775
2016-04-10,0.11833859563638968,385
2016-04-11,0.08128325925983643,841
2016-04-12,0.10004848412782133,1226
2016-04-13,0.1329254126116282,1283
2016-04-14,0.07164265328392766,1315
2016-04-15,0.06897880407842223,1791
2016-04-16,0.02550011290702525,1084
2016-04-17,0.04849488839488797,428
2016-04-18,0.0547061869475442,1127
2016-04-19,0.08339353633718305,2051
2016-04-20,0.08460187543464989,1392
2016-04-21,0.09616358762409376,1314
2016-04-22,0.104014181260349,1663
2016-04-23,0.024470077586199845,910
2016-04-24,0.09598590635749253,416
2016-04-25,0.10391916419633232,1145
2016-04-26,0.044244268293568034,2086
2016-04-27,0.017513110712808422,7083
2016-04-28,0.012646542195659194,2798
2016-04-29,0.04889779501016733,3014
2016-04-30,0.03588005050505033,471
2016-05-01,0.0054563745016820145,297
2016-05-02,-0.010477500388142214,1183
2016-05-03,0.04036857297322116,2439
2016-05-04,0.070345586428121,2011
2016-05-05,0.046769792262759236,1654
2016-05-06,0.022494534313742487,2110
2016-05-07,0.06447091277891656,760
2016-05-08,-0.007213287784934297,427
2016-05-09,0.10517379957692732,920
2016-05-10,0.053812376480229684,1377
2016-05-11,0.06070478022011527,1350
2016-05-12,0.06487870002345922,2486
2016-05-13,0.06405698647097885,2550
2016-05-14,0.09930652173877916,897
2016-05-15,0.01711945634696055,340
2016-05-16,0.07747812316901945,2587
2016-05-17,0.030325317695175488,2553
2016-05-18,0.07861064997137743,1847
2016-05-19,0.09051449944428658,1528
2016-05-20,0.048872776062411416,1587
2016-05-21,0.00559435913198031,911
2016-05-22,0.0613954290561432,457
2016-05-23,0.07255738972125311,1226
2016-05-24,0.07492501770712698,1699
2016-05-25,0.07353117733671544,1957
2016-05-26,0.052448637149732864,1805
2016-05-27,0.07073069709361049,1414
2016-05-28,0.08385321920091418,495
2016-05-29,0.13520353467287435,208
2016-05-30,0.014188250923623025,601
2016-05-31,0.08344479790691914,285
2016-06-01,-0.0013141180857257349,822
2016-06-02,0.04461054509456111,1692
2016-06-03,0.04815793206789454,1338
2016-06-04,0.05325900280196039,501
2016-06-05,0.06065878286228483,246
2016-06-06,0.12261107904956098,749
2016-06-07,0.09184766837665044,1021
2016-06-08,0.07798372001459547,1026
2016-06-09,0.08203817494075596,1465
2016-06-10,0.1136245662532841,1454
2016-06-11,-0.007277676686889056,836
2016-06-12,0.11864989168333333,108
2016-06-13,0.025165661802232425,1200
2016-06-14,0.039990008536474685,3961
2016-06-15,0.09558998194668143,1666
2016-06-16,0.1022227843980637,1179
2016-06-17,0.04583770785380259,1271
2016-06-18,0.05654230469725208,483
2016-06-19,0.11321407820690553,1313
2016-06-20,0.1974768978265813,1119
2016-06-21,0.09863190158229046,1544
2016-06-22,-0.004961426945524039,1346
2016-06-23,0.0556809704674848,1020
2016-06-24,0.06902543244611165,1090
2016-06-25,0.04068501940684744,528
2016-06-26,0.02816885361458321,271
2016-06-27,0.05290396470594366,815
2016-06-28,0.030595398580109182,859
2016-06-29,0.02751525698324253,1029
2016-06-30,0.0029468335203192697,209
2016-07-01,0.06811165229643476,1002
2016-07-02,0.06097187920104585,671
2016-07-03,0.11153391435137476,269
2016-07-04,0.08376055528833304,492
2016-07-05,0.07554196855239406,809
2016-07-06,0.004156862298540898,1015
2016-07-07,0.007375009419837986,897
2016-07-08,0.040565473457519215,976
2016-07-09,0.1091647999699468,477
2016-07-10,0.09870090275578093,234
2016-07-11,0.07158736902579277,656
2016-07-12,0.05212049516406897,924
2016-07-13,0.05204988058303345,774
2016-07-14,0.07495905655487217,1276
2016-07-15,0.03955713990140329,944
2016-07-16,0.11703672541324965,560
2016-07-17,0.09373918463274902,287
2016-07-18,0.12973176384702362,1010
2016-07-19,0.009482630595777695,1170
2016-07-20,0.04353189757591003,1116
2016-07-21,0.05154287869989094,1345
2016-07-22,0.09339286330593694,1202
2016-07-23,0.14592376962791026,682
2016-07-24,0.13994929076539336,545
2016-07-25,0.09012693231153962,1213
2016-07-26,0.08624183521957449,1865
2016-07-27,0.06944741463115067,5173
2016-07-28,0.10338951382481806,2342
2016-07-29,0.06563347684235821,1570
2016-07-30,0.10645657453761788,780
2016-07-31,0.054985569985569915,110
2016-08-01,0.09207877186373743,812
2016-08-02,0.0986006623270584,1707
2016-08-03,0.11500034547473792,885
2016-08-04,0.06450075704204114,1513
2016-08-05,0.08174820159363957,1476
2016-08-06,-0.032940472880133964,683
2016-08-07,0.02126185246377571,467
2016-08-08,0.04538642529316511,1178
2016-08-09,0.07430940252557869,1563
2016-08-10,0.039455388094670696,1618
2016-08-11,0.06480255585002673,1677
2016-08-12,0.1254953467919154,992
2016-08-13,0.0903223409687312,586
2016-08-14,0.1553270150570067,482
2016-08-15,0.07702593304175337,1482
2016-08-16,0.06569614072518665,2193
2016-08-17,0.0758126324657426,1715
2016-08-18,-0.008066962088693286,1238
2016-08-19,0.06141727837022276,1345
2016-08-20,0.04612650179387423,830
2016-08-21,0.14619877985262594,477
2016-08-22,0.06213305240511177,1122
2016-08-23,0.02039610607353326,1331
2016-08-24,0.02772362783115495,1158
2016-08-25,0.04533552895538831,1733
2016-08-26,0.020983559293064943,1921
2016-08-27,0.08308742693894182,978
2016-08-28,0.1495036425530322,572
2016-08-29,-0.016925965256746167,1548
2016-08-30,-0.04748991128302649,4271
2016-08-31,-0.06165561915282086,1088
2016-09-01,0.03135911172290762,1774
2016-09-02,0.05584571637268276,2159
2016-09-03,0.048684716409121226,924
2016-09-04,0.057525988098829174,667
2016-09-05,0.04460480260480265,152
2016-09-06,0.08791149881965378,1117
2016-09-07,0.04006872938324932,4486
2016-09-08,0.02874217572690546,7025
2016-09-09,0.053575952059880916,5594
2016-09-10,0.03676960755051578,1811
2016-09-11,0.010888068561462572,727
2016-09-12,0.08188081937801264,1652
2016-09-13,0.051860540169655495,2522
2016-09-14,0.0745493168930759,3897
2016-09-15,0.11111425552402188,3610
2016-09-16,0.08422868278219213,3476
2016-09-17,0.1273057147187073,1366
2016-09-18,0.0999672459575056,695
2016-09-19,0.036759411140827314,1732
2016-09-20,0.12681945365319974,1809
2016-09-21,0.008016464933112033,2227
2016-09-22,0.07623745574080426,1756
2016-09-23,0.04043687939258928,1706
2016-09-24,0.05001924332523694,1176
2016-09-25,-0.018954449950000563,514
2016-09-26,0.06455570366347563,1211
2016-09-27,0.037265143152266034,1270
2016-09-28,0.07578678365285467,1423
2016-09-29,0.09290084249415864,1861
2016-09-30,0.022216970130083117,395
2016-10-01,0.023082066167582186,523
2016-10-02,0.12037438311247806,373
2016-10-03,0.06499135506071824,964
2016-10-04,0.0377031892012662,1197
2016-10-05,0.0585474770908585,1102
2016-10-06,0.057712018446347775,1289
2016-10-07,0.10807827043668156,951
2016-10-08,0.09636302786905176,379
2016-10-09,0.008248238175598888,276
2016-10-10,0.12267802848348668,875
2016-10-11,0.08021938219380725,1736
2016-10-12,0.11105687449193692,1506
2016-10-13,0.06872778526945293,1104
2016-10-14,0.09875989506276656,1005
2016-10-15,0.01580294248879793,584
2016-10-16,0.05013389358486325,355
2016-10-17,0.07936965981600548,972
2016-10-18,0.1103809488673332,1388
2016-10-19,-0.012141229430966266,1192
2016-10-20,0.07733531853792641,1149
2016-10-21,0.09024247068118724,974
2016-10-22,0.10283312097043636,594
2016-10-23,0.0965957574872619,570
2016-10-24,0.030617758034445,1165
2016-10-25,0.08624227847030302,1986
2016-10-26,0.08442807359809787,5213
2016-10-27,0.0474726427763516,2406
2016-10-28,-0.01213016513968937,2886
2016-10-29,0.12757480772773325,888
2016-10-30,0.0356347225908536,578
2016-10-31,-0.05783129370629364,175
2016-11-01,0.07740912262912232,1014
2016-11-02,0.04247582271523392,1375
2016-11-03,0.023721361574742028,1128
2016-11-04,0.09789107356125436,1026
2016-11-05,-0.06196398093287536,608
2016-11-06,0.056025208797935766,285
2016-11-07,0.07805454103495732,948
2016-11-08,-0.035360772698994215,1032
2016-11-09,-0.0024981684053334567,1135
2016-11-10,0.07822185413487293,1140
2016-11-11,0.08901580378196018,978
2016-11-12,0.06628205497221429,584
2016-11-13,0.14043284347231705,373
2016-11-14,0.04546488486528194,925
2016-11-15,0.02085461656281612,1332
2016-11-16,-0.007080613198018894,1366
2016-11-17,0.04466750326845842,1139
2016-11-18,0.06090443180386493,1111
2016-11-19,-0.010305530570000054,822
2016-11-20,0.1010653786285246,439
2016-11-21,0.012415252089302664,1169
2016-11-22,0.05483976381406674,1207
2016-11-23,0.13493400063799407,1011
2016-11-24,0.08281921230315703,694
2016-11-25,0.16816686489576074,816
2016-11-26,0.2177409321734032,433
2016-11-27,0.10581479182582126,354
2016-11-28,0.1301195045198144,859
2016-11-29,0.12469860469995815,1156
2016-11-30,0.14727176712176726,330
2016-12-01,0.10123922144114812,768
2016-12-02,0.05002366517458351,996
2016-12-03,0.10371707608114852,823
2016-12-04,0.1353685715993407,444
2016-12-05,0.05715650545165792,744
2016-12-06,0.1403559099613682,1125
2016-12-07,0.11090684462405563,1631
2016-12-08,0.0829936631865299,1655
2016-12-09,0.06318718984380968,1344
2016-12-10,0.09541577194850998,732
2016-12-11,0.17225038884813293,399
2016-12-12,0.14827353612296787,724
2016-12-13,0.03244551679546753,1641
2016-12-14,0.06947301150619936,1523
2016-12-15,0.07022479207566826,1156
2016-12-16,0.13221597002498411,1120
2016-12-17,0.09476368839096323,610
2016-12-18,0.02442868180156321,329
2016-12-19,0.1223590668121764,779
2016-12-20,0.11503847204725325,1014
2016-12-21,0.04148526792420354,1023
2016-12-22,0.08802871843564486,1031
2016-12-23,0.0665126410748737,794
2016-12-24,0.053489145658263126,367
2016-12-25,0.18893330768330774,194
2016-12-26,0.09977381025758414,489
2016-12-27,0.054105297772388095,699
2016-12-28,0.012954809055467031,800
2016-12-29,0.1387016023376696,835
2016-12-30,0.0018564817321514715,788
2016-12-31,0.1356069123453576,383
2017-01-01,0.17739491691104586,202
2017-01-02,0.1419503339253337,469
2017-01-03,-0.017952098504423863,739
2017-01-04,0.08938336280758953,830
2017-01-05,0.02173562141454316,1337
2017-01-06,0.11313856365907528,1265
2017-01-07,0.05184047439614353,857
2017-01-08,0.09972361759595784,436
2017-01-09,0.13893876443104478,1120
2017-01-10,0.07235395222241159,1411
2017-01-11,-0.00499133202974672,1189
2017-01-12,0.1075702057376582,1284
2017-01-13,0.04550292924481253,1175
2017-01-14,0.12292766056401573,575
2017-01-15,0.10348988096906672,450
2017-01-16,0.1240768904880826,411
2017-01-17,0.1037227887078769,955
2017-01-18,0.04051102936338963,993
2017-01-19,0.05440731580143426,1015
2017-01-20,0.14374852077864134,730
2017-01-21,0.0794686840055886,632
2017-01-22,0.13986651364349514,532
2017-01-23,0.03453373402591048,931
2017-01-24,0.10808049037524664,1098
2017-01-25,0.05579257816377911,1247
2017-01-26,0.0311285361487888,1194
2017-01-27,0.024594095929777127,907
2017-01-28,0.04856584087245941,528
2017-01-29,0.1057222428055763,428
2017-01-30,0.07312603634651843,962
2017-01-31,0.18327863179903964,392
2017-02-01,0.08451143210739215,2816
2017-02-02,0.06722594457299749,2088
2017-02-03,0.05600837776803341,1360
2017-02-04,0.14729371091871066,662
2017-02-05,0.03901423800214104,474
2017-02-06,0.034432109281751555,872
2017-02-07,0.06266886526881854,1254
2017-02-08,0.07820855848633629,1261
2017-02-09,0.08395330559362332,1037
2017-02-10,0.019754257959427316,1067
2017-02-11,0.013495092150394905,580
2017-02-12,-0.07422223488012952,330
2017-02-13,0.008370334005583123,1197
2017-02-14,-0.005931984339025365,1703
2017-02-15,0.04063621333440906,1801
2017-02-16,0.06521505375174749,1123
2017-02-17,0.07669411069303836,1000
2017-02-18,0.09554451980888176,593
2017-02-19,0.07718152958152966,373
2017-02-20,0.08269635375162415,621
2017-02-21,0.06606758528327167,919
2017-02-22,0.0854190582778385,1132
2017-02-23,0.06879754568598813,1011
2017-02-24,0.03193220976955377,1038
2017-02-25,0.03686149963848917,579
2017-02-26,0.11098568297921736,338
2017-02-27,0.07000865313457982,1046
2017-02-28,0.06003494900460918,380
2017-03-01,0.12026363169729505,740
2017-03-02,0.08109499292508979,1018
2017-03-03,0.057956853432942074,972
2017-03-04,0.1271206675923657,471
2017-03-05,0.13233894136166852,332
2017-03-06,0.059286084653882826,724
2017-03-07,0.07869365090424879,896
2017-03-08,0.017570603999175316,323
2017-03-09,0.2073115315234441,483
2017-03-10,0.1654767917868928,582
2017-03-11,0.1784343505734032,378
2017-03-12,0.20177591036414555,243
2017-03-13,0.11421768707483004,84
2017-03-14,0.10075222726275933,379
2017-03-15,0.038529669599263294,590
2017-03-16,0.05711177506280945,802
2017-03-17,0.04759751225946191,728
2017-03-18,0.10338738609456817,520
2017-03-19,0.16948825169255274,83
2017-03-20,0.09978760934406078,504
2017-03-21,0.1009392664427341,1450
2017-03-22,0.0421855427782685,1094
2017-03-23,0.09202889502195866,715
2017-03-24,0.03485557921001964,698
2017-03-25,0.08038752067715485,283
2017-03-26,0.2637227728970375,191
2017-03-27,0.1314417530881816,571
2017-03-28,0.10865373977873977,129
2017-03-29,0.03904572237526771,643
2017-03-30,0.12530129386537614,723
2017-03-31,0.11378862011004877,148
2017-04-01,0.08894901258871851,181
2017-04-02,0.12278260717776855,245
2017-04-03,0.11862016466998265,630
2017-04-04,0.07082986642472594,677
2017-04-05,0.08163852346155717,753
2017-04-06,0.008184088195148709,588
2017-04-07,0.08343487514469664,480
2017-04-08,0.10443672128808056,272
2017-04-09,-0.10818472247449508,169
2017-04-10,0.08708246533827915,365
2017-04-11,0.0643974560623512,709
2017-04-12,0.08970620537521931,584
2017-04-13,0.02167587050390796,666
2017-04-14,0.1350055912215774,439
2017-04-15,0.09608604103431673,259
2017-04-16,0.061168029501362825,141
2017-04-17,0.12770817228406509,396
2017-04-18,0.10447953600632176,547
2017-04-19,0.09805697140208848,603
2017-04-20,0.08431343737831823,622
2017-04-21,0.12440728041346046,455
2017-04-22,0.06564157299393494,288
2017-04-23,0.08317655122655132,146
2017-04-24,0.1338077296777295,422
2017-04-25,0.13704941276419202,599
2017-04-26,0.17498938934802624,614
2017-04-27,0.0865801745592924,532
2017-04-28,0.08374166219224399,702
2017-04-29,0.18061635944700508,412
2017-04-30,0.10829046985296978,65
2017-05-01,0.20183799271556996,872
2017-05-02,0.14014290037291122,1545
2017-05-03,0.06790423135994518,3261
2017-05-04,0.07475056445183759,1183
2017-05-05,0.07964746533070954,938
2017-05-06,0.12192326332188487,486
2017-05-07,0.057449451659451374,314
2017-05-08,0.0684838137495182,1206
2017-05-09,0.07367455289609429,1258
2017-05-10,0.09233626464887364,908
2017-05-11,0.10370656792020301,694
2017-05-12,0.04969570575262333,977
2017-05-13,0.0492005845843565,488
2017-05-14,0.08401249381321832,290
2017-05-15,0.1018601248568855,628
2017-05-16,0.15500200951094356,754
2017-05-17,0.0681337942737198,975
2017-05-18,0.10886721921810917,809
2017-05-19,0.07846651362233309,599
2017-05-20,0.16307429248755767,348
2017-05-21,0.12204781946448608,246
2017-05-22,0.11780784314129095,568
2017-05-23,0.08242452190165953,790
2017-05-24,0.14267934980574326,680
2017-05-25,0.12981295726690473,642
2017-05-26,0.123411100803958,603
2017-05-27,0.14327985141424973,368
2017-05-28,0.10857790813820108,229
2017-05-29,-0.007874850071781125,245
2017-05-30,0.07645068315068324,556
2017-05-31,0.19709296218487385,183
2017-06-01,0.03879187809544973,404
2017-06-02,-0.008182264050574095,617
2017-06-03,0.10957453928607766,378
2017-06-04,0.09902783025055734,221
2017-06-05,0.05462413774138592,1189
2017-06-06,0.03609338854652533,1524
2017-06-07,0.06171915414803755,922
2017-06-08,0.0724897328200898,654
2017-06-09,0.03508502588393892,799
2017-06-10,0.05815801860298048,699
2017-06-11,0.1470709819281248,294
2017-06-12,0.04948771508698263,1230
2017-06-13,0.1086881575874395,1217
2017-06-14,0.10618828393828428,748
2017-06-15,0.1099363313909494,987
2017-06-16,0.034957701704860955,680
2017-06-17,0.043170585552862906,412
2017-06-18,0.015161373637936015,237
2017-06-19,0.1309797329018913,704
2017-06-20,0.04450427643319377,674
2017-06-21,0.14829625508527086,632
2017-06-22,0.05629977584626045,665
2017-06-23,0.1745438256785513,700
2017-06-24,0.12537056419457734,421
2017-06-25,0.26513619096952457,268
2017-06-26,0.11213813208131397,559
2017-06-27,0.13160735251268366,790
2017-06-28,0.09862972936649413,732
2017-06-29,0.1060085951532196,794
2017-06-30,-0.04945715812182727,227
2017-07-01,0.011736146650481116,201
2017-07-02,0.16691130885575312,292
2017-07-03,0.12415424725631165,506
2017-07-04,0.06653854057942532,653
2017-07-05,0.12400362641164454,590
2017-07-06,0.13260711783294082,737
2017-07-07,0.1345092837239396,796
2017-07-08,0.15983328151604814,405
2017-07-09,0.1108924454169018,294
2017-07-10,0.14575535860260128,665
2017-07-11,0.10791749666053158,755
2017-07-12,0.13633629774936834,937
2017-07-13,0.12319175968396567,848
2017-07-14,0.11271321198186254,686
2017-07-15,0.04873367851241599,448
2017-07-16,-0.02730727693223539,282
2017-07-17,0.09383315005049317,651
2017-07-18,0.08178492470262666,666
2017-07-19,0.15292779059482314,966
2017-07-20,0.10814247581017722,796
2017-07-21,0.1700143142210339,664
2017-07-22,0.1690300036172014,356
2017-07-23,0.20396105495489766,298
2017-07-24,0.14456529689409545,515
2017-07-25,0.1458389111526287,802
2017-07-26,0.1241849266836273,779
2017-07-27,0.0750125470422506,873
2017-07-28,0.03980867915972525,701
2017-07-29,-0.011660931868330615,484
2017-07-30,0.11091190195086316,319
2017-07-31,0.0019036345598845703,73
2017-08-01,0.11620598705388227,910
2017-08-02,0.09277402464847273,3992
2017-08-03,0.10228322422896208,1221
2017-08-04,0.128385817104441,759
2017-08-05,0.002677000418935871,468
2017-08-06,0.13779287841787854,363
2017-08-07,0.0018039414992305212,631
2017-08-08,0.13078196193358466,940
2017-08-09,0.19669211632735956,1413
2017-08-10,0.13837989208704282,1167
2017-08-11,0.08433366386749125,935
2017-08-12,0.09295659211159317,466
2017-08-13,0.18065969197497728,321
2017-08-14,0.13439103474556044,751
2017-08-15,0.10877087359807933,1137
2017-08-16,0.06527681118388495,1044
2017-08-17,0.08867892391409737,929
2017-08-18,0.11459075658132435,777
2017-08-19,0.19408849940264472,463
2017-08-20,0.1769487333654001,245
2017-08-21,0.14174121538184142,651
2017-08-22,0.13717785996308815,816
2017-08-23,0.14454972820958564,942
2017-08-24,0.1681875080541366,789
2017-08-25,0.0772235954940132,809
2017-08-26,0.09181345011577656,387
2017-08-27,0.09119382324897653,293
2017-08-28,0.13339348100005705,658
2017-08-29,0.09936664721414047,1469
2017-08-30,0.0978435792970766,1322
2017-08-31,0.2146429504403644,255
2017-09-01,0.06077732037067553,664
2017-09-02,0.15167009996582426,487
2017-09-03,0.12403134433134487,366
2017-09-04,0.13352034447346992,427
2017-09-05,0.14238817101144344,737
2017-09-06,0.09035693186401306,931
2017-09-07,0.07795541538070405,935
2017-09-08,0.09674162890491704,930
2017-09-09,0.06175237815043633,261
2017-09-10,0.15510845890433084,457
2017-09-11,0.12284191284538518,1196
2017-09-12,0.07345681805888299,496
2017-09-13,0.049481220155530914,1378
2017-09-14,0.03656964780291316,1485
2017-09-15,0.11964978001162604,1474
2017-09-16,0.07826850623945791,805
2017-09-17,0.10539505999495974,541
2017-09-18,0.1450515625321373,838
2017-09-19,0.12249759059127432,1173
2017-09-20,0.07685653799887415,1416
2017-09-21,0.06433647591744546,1118
2017-09-22,0.02866790519502127,1345
2017-09-23,0.06917356210814968,715
2017-09-24,0.14500276238912632,458
2017-09-25,0.0960296184321046,1216
2017-09-26,0.12452266252779375,1266
2017-09-27,0.1503065791442988,902
2017-09-28,0.1083969924230486,871
2017-09-29,0.09750161790634744,770
2017-09-30,0.19647339102696226,193
2017-10-01,0.1694481213231216,260
2017-10-02,0.12612590899016138,700
2017-10-03,0.10849295173425696,787
2017-10-04,0.1195801716157445,929
2017-10-05,0.07155955068570352,844
2017-10-06,0.08366133194762271,805
2017-10-07,0.13025600915139593,465
2017-10-08,0.07088821749238472,356
2017-10-09,0.16395487702656913,629
2017-10-10,0.08631227648349749,862
2017-10-11,0.09557570353192413,840
2017-10-12,0.13031541782517486,697
2017-10-13,0.06476516566105822,725
2017-10-14,0.1329546621502644,446
2017-10-15,0.1575021665518829,346
2017-10-16,0.10947453389382387,855
2017-10-17,0.147413439465273,864
2017-10-18,0.144473616847181,830
2017-10-19,0.08694239898448186,1286
2017-10-20,0.104581307990399,924
2017-10-21,0.05031474873039316,558
2017-10-22,0.18796595655806211,375
2017-10-23,0.06006407118574275,709
2017-10-24,0.09923553601881603,902
2017-10-25,0.12298435238589955,779
2017-10-26,0.04246373843135981,658
2017-10-27,0.1068365935700024,1149
2017-10-28,0.17402142750253874,613
2017-10-29,0.15888829821930306,421
2017-10-30,0.11559244149028128,955
2017-10-31,0.11158061703554673,293
2017-11-01,0.1611532073695538,795
2017-11-02,0.11465550273896635,1116
2017-11-03,0.08030578515044923,3260
2017-11-04,0.13877603365789504,776
2017-11-05,0.13571330010159824,441
2017-11-06,0.13574166489583886,818
2017-11-07,0.0939888056807462,1034
2017-11-08,0.11231240070255266,927
2017-11-09,0.12924209442357615,1181
2017-11-10,0.11270233433958968,990
2017-11-11,0.12467033258924255,543
2017-11-12,0.1194303012883628,434
2017-11-13,0.17217436444467554,569
2017-11-14,0.1053127875018278,743
2017-11-15,0.1297408839578411,1057
2017-11-16,0.1676180506751004,1108
2017-11-17,0.14161260947160412,801
2017-11-18,0.15172737543926598,475
2017-11-19,0.16560292915054856,431
2017-11-20,0.18970102366113054,622
2017-11-21,0.1377216224577637,829
2017-11-22,0.07231379383983577,971
2017-11-23,0.16349374882619613,460
2017-11-24,0.15440918792907501,488
2017-11-25,0.1467958879511837,502
2017-11-26,0.13782547809333565,321
2017-11-27,0.17861260283032632,553
2017-11-28,0.12096398521308338,690
2017-11-29,0.12891920981235827,1045
2017-11-30,0.10980876387162723,292
2017-12-01,0.0478948597698598,99
2017-12-02,0.17156903049818267,515
2017-12-03,0.005762569764157621,393
2017-12-04,0.12490239058938887,737
2017-12-05,0.17026118310168809,903
2017-12-06,0.12465580677720232,897
2017-12-07,0.09936160975516227,877
2017-12-08,0.12726520993021506,848
2017-12-09,0.18494183399207956,555
2017-12-10,0.18026111245456566,431
2017-12-11,0.17743584174047547,769
2017-12-12,0.17578455826529787,994
2017-12-13,0.19355560420729456,910
2017-12-14,0.1612437216691756,838
2017-12-15,0.13160817803179922,794
2017-12-16,0.16799878346658986,665
2017-12-17,0.17688179037397864,363
2017-12-18,0.13634642731185329,723
2017-12-19,0.14053498533518932,1198
2017-12-20,0.08589936131131756,956
2017-12-21,0.17137320096526626,1136
2017-12-22,0.12400224027688575,956
2017-12-23,0.13549833526906774,583
2017-12-24,0.16030526592956526,431
2017-12-25,0.13849116161616212,390
2017-12-26,0.0836833793129719,1020
2017-12-27,0.11248526393276108,1201
2017-12-28,0.0923325951505138,1046
2017-12-29,0.10526985718118248,988
2017-12-30,0.15446784812409822,661
2017-12-31,0.14654223800210306,140
2018-01-01,0.14586261681017498,290
2018-01-02,0.09562983388015683,839
2018-01-03,0.1128180388903468,933
2018-01-04,0.1318314320260524,851
2018-01-05,0.10542699551910097,280
2018-01-06,0.20393927095631634,161
2018-01-07,0.20802286014168805,412
2018-01-08,0.14350593657439478,851
2018-01-09,0.12345029879540766,1023
2018-01-10,0.13525056985520606,919
2018-01-11,0.12847948256619232,856
2018-01-12,0.10882578854013716,891
2018-01-13,0.17181081770554968,667
2018-01-14,0.031999067587280834,432
2018-01-15,0.14333653145586348,515
2018-01-16,0.1316602645031765,851
2018-01-17,0.12373912426325714,1077
2018-01-18,0.08820843912803862,1686
2018-01-19,0.11090088457812314,1045
2018-01-20,0.1665443510471715,561
2018-01-21,0.11145686701809243,441
2018-01-22,0.22152551152551134,144
2018-01-23,0.06005091304198434,176
2018-01-24,0.10198513498817784,1483
2018-01-25,0.14369959515357242,1278
2018-01-26,0.19428396994466696,1512
2018-01-27,0.17502885409590746,1026
2018-01-28,0.1840581628354132,611
2018-01-29,0.13282825825305902,1607
2018-01-30,0.08875868021796507,1761
2018-01-31,0.11107621256807976,438
2018-02-01,0.22582366295907866,1017
2018-02-02,0.0931355655954115,3586
2018-02-03,0.08720788075845665,1234
2018-02-04,0.0583179442281973,605
2018-02-05,0.1711982201554289,1241
2018-02-06,0.11626600775457985,1616
2018-02-07,0.11136684792766853,1485
2018-02-08,0.12125052454373805,1158
2018-02-09,0.15094709486349725,1091
2018-02-10,0.1503799276215676,638
2018-02-11,0.11582877013818438,443
2018-02-12,0.15969307171430674,896
2018-02-13,0.11702571744040917,1083
2018-02-14,0.15961159332560398,1117
2018-02-15,0.15150196125084092,1252
2018-02-16,0.19207355273252386,1078
2018-02-17,0.12734376681819934,584
2018-02-18,0.18558827797716732,402
2018-02-19,0.1127090969680264,508
2018-02-20,0.1256440494330232,776
2018-02-21,0.19403742603300872,900
2018-02-22,0.13194234635339525,937
2018-02-23,0.15613525555345853,861
2018-02-24,0.12055185494161255,631
2018-02-25,0.12519184921878926,508
2018-02-26,0.12031451632437727,1044
2018-02-27,0.12730074872304095,1225
2018-02-28,0.17820739427805748,297
2018-03-01,0.1161231018435806,727
2018-03-02,0.17078136947866804,1024
2018-03-03,0.0876674528018277,649
2018-03-04,0.15096730055658714,347
2018-03-05,0.12114462119099748,726
2018-03-06,0.0959165697219878,832
2018-03-07,0.1377019398659079,772
2018-03-08,0.142436218302867,736
2018-03-09,0.16712936376666235,730
2018-03-10,0.14997908532281498,557
2018-03-11,0.18260192402264835,378
2018-03-12,0.05364942753102697,833
2018-03-13,0.1468824326097561,1018
2018-03-14,0.13937912028196933,789
2018-03-15,0.06847176021450913,787
2018-03-16,0.16800468721021314,660
2018-03-17,0.13163418011039935,529
2018-03-18,0.20587505489679386,88
2018-03-19,0.14172872332346007,468
2018-03-20,0.0993804694631098,944
2018-03-21,0.16799425966326856,891
2018-03-22,0.21786936670845244,763
2018-03-23,0.23269382790237536,1021
2018-03-24,0.10789262572744718,521
2018-03-25,0.12535657685008378,341
2018-03-26,0.1560419589864962,772
2018-03-27,0.14325761879764176,1104
2018-03-28,0.08788744588744585,1162
2018-03-29,0.1450227222355129,969
2018-03-30,0.16520769094453375,684
2018-03-31,0.20529540799702087,154
2018-04-01,0.11114701911367598,262
2018-04-02,0.20837236047251625,857
2018-04-03,0.14852849491193235,1139
2018-04-04,0.07461580033621408,999
2018-04-05,0.1818834132201085,853
2018-04-06,0.11467654473172068,761
2018-04-07,0.12144189689405285,528
2018-04-08,0.16299785749480852,397
2018-04-09,0.1174025991385154,674
2018-04-10,0.16383898011441725,797
2018-04-11,0.1913126021586323,796
2018-04-12,0.14560701381250646,817
2018-04-13,0.14179315025651296,815
2018-04-14,0.17685119316244002,431
2018-04-15,0.21701899300137756,251
2018-04-16,0.21735560097611148,489
2018-04-17,0.21582341873436847,635
2018-04-18,0.17655781622787262,526
2018-04-19,0.08118880533829873,769
2018-04-20,0.052585721112691663,1309
2018-04-21,0.044740135063054326,593
2018-04-22,0.10533987358414852,259
2018-04-23,0.09168955814995457,740
2018-04-24,0.10330217487294267,824
2018-04-25,0.07871801743681753,897
2018-04-26,0.07040110983770742,715
2018-04-27,0.07133050162862152,825
2018-04-28,0.13504872112601887,479
2018-04-29,0.1621778840528842,302
2018-04-30,0.11646535975483338,93
2018-05-01,0.12213558214572885,1057
2018-05-02,0.10533564940696374,3699
2018-05-03,0.08782535117648196,1129
2018-05-04,0.09716089350712763,1848
2018-05-05,0.10593176578062596,963
2018-05-06,0.13597602199930972,539
2018-05-07,0.07852368303961613,1197
2018-05-08,0.04027207355783202,1070
2018-05-09,0.11587476461979765,790
2018-05-10,0.1295522495340679,1011
2018-05-11,0.09798330236103836,962
2018-05-12,0.18328193292789546,230
2018-05-13,0.0974528305640438,115
2018-05-14,0.11339827586152755,729
2018-05-15,0.10545643331076553,862
2018-05-16,0.10243542218122333,929
2018-05-17,0.11937257285138755,800
2018-05-18,0.14149816649368455,709
2018-05-19,0.10209928583852383,479
2018-05-20,0.059915361413039436,390
2018-05-21,0.11311528145843827,675
2018-05-22,0.14172810858052518,781
2018-05-23,0.13874950615895845,762
2018-05-24,0.0956737385762389,894
2018-05-25,0.06365307716577856,848
2018-05-26,0.06241093027969919,564
2018-05-27,0.08347041618228697,413
2018-05-28,0.09550010077933616,440
2018-05-29,0.10139046238392344,835
2018-05-30,0.15520392772640704,854
2018-05-31,0.18551426169729748,203
2018-06-01,0.14538752676162076,672
2018-06-02,0.1606661637357125,648
2018-06-03,0.18279706149110692,427
2018-06-04,0.11602161073695785,1269
2018-06-05,0.11361546580927633,1507
2018-06-06,0.12922182649093092,887
2018-06-07,0.12994800619488678,827
2018-06-08,0.1332907873366986,1069
2018-06-09,0.1845138597019665,425
2018-06-10,0.08217385814668504,406
2018-06-11,0.14389044540040868,743
2018-06-12,0.1102883350092837,810
2018-06-13,0.10450011517699867,796
2018-06-14,0.15391444339331709,845
2018-06-15,0.1849478391319882,905
2018-06-16,0.1884466490983849,561
2018-06-17,0.1231099831348548,492
2018-06-18,0.15865454573941892,702
2018-06-19,0.1557867498519436,978
2018-06-20,0.12291015533352345,803
2018-06-21,0.12241064555192893,794
2018-06-22,0.16429254659675893,721
2018-06-23,0.1748819315115615,578
2018-06-24,0.15207518963303768,365
2018-06-25,0.12791747509163615,746
2018-06-26,0.1273259020933365,897
2018-06-27,0.15911953740925927,813
2018-06-28,0.11859767615617395,849
2018-06-29,0.1897098581197963,647
2018-06-30,0.13374704840613927,160
2018-07-01,0.12762759357645725,212
2018-07-02,0.16870497623962172,473
2018-07-03,0.14482154728372806,519
2018-07-04,0.11996132020522254,306
2018-07-05,0.11853537766805478,484
2018-07-06,0.13859214095258554,557
2018-07-07,0.16546971038210914,391
2018-07-08,0.1877073428803339,230
2018-07-09,0.1732581538104191,538
2018-07-10,0.1893407208271345,665
2018-07-11,0.1316963637334122,742
2018-07-12,0.17418895804535495,614
2018-07-13,0.19708090424625052,666
2018-07-14,0.12577999853331345,382
2018-07-15,0.2253095998817325,238
2018-07-16,0.17637885551948104,428
2018-07-17,0.14350096213945973,620
2018-07-18,0.2243477554191848,581
2018-07-19,0.13568934656014378,678
2018-07-20,0.14865297908454442,602
2018-07-21,0.1436885340852366,370
2018-07-22,0.16835197417525055,288
2018-07-23,0.18350947476282686,515
2018-07-24,0.17193691537729353,683
2018-07-25,0.09230199742036913,581
2018-07-26,0.14113749909021314,826
2018-07-27,0.12011645609023935,658
2018-07-28,0.17537744679691245,489
2018-07-29,0.139307409309945,329
2018-07-30,0.1353375048672674,828
2018-07-31,0.10716140016366564,274
2018-08-01,0.12919459129673286,2636
2018-08-02,0.12272526909391188,3770
2018-08-03,0.11045333958178867,2242
2018-08-04,0.1591104711305668,778
2018-08-05,0.1302085876480513,418
2018-08-06,0.09980650589116537,834
2018-08-07,0.11694780489999583,1111
2018-08-08,0.13675939969382495,854
2018-08-09,0.15229086107751524,903
2018-08-10,0.12816862039893875,791
2018-08-11,0.07921399367827975,464
2018-08-12,0.16970195139163186,300
2018-08-13,0.15055325232687686,607
2018-08-14,0.12203002279575527,777
2018-08-15,0.16405455731550608,896
2018-08-16,0.12246816762518448,947
2018-08-17,0.12022485204609183,1056
2018-08-18,0.15931410074022082,673
2018-08-19,0.1576965320585719,358
2018-08-20,0.10555937182490303,817
2018-08-21,0.15057183522159656,953
2018-08-22,0.15110701122064232,771
2018-08-23,0.1560238270253462,721
2018-08-24,0.12277187103476422,735
2018-08-25,0.15802070909301352,439
2018-08-26,0.10123301180022354,370
2018-08-27,0.1811858550619212,667
2018-08-28,0.15702659658168244,922
2018-08-29,0.17714009659817914,942
2018-08-30,0.12462143353698114,1515
2018-08-31,0.0910903376527092,468
2018-09-01,0.21716622492259696,373
2018-09-02,0.2332758303420187,387
2018-09-03,0.15921528439153498,415
2018-09-04,0.14610433921424404,999
2018-09-05,0.1280236070183592,1218
2018-09-06,0.15068284483186048,988
2018-09-07,0.13601957376337873,913
2018-09-08,0.08570230956433564,967
2018-09-09,0.15048906598818068,488
2018-09-10,0.11012908909424474,1132
2018-09-11,0.15262417474234805,1245
2018-09-12,0.0734521614409806,2216
2018-09-13,0.06038416306404287,1984
2018-09-14,0.0858958209258413,1195
2018-09-15,0.08604696760453563,647
2018-09-16,0.14929758455102551,380
2018-09-17,0.1360718118828358,970
2018-09-18,0.1076397684693816,1158
2018-09-19,0.1193957963659454,924
2018-09-20,0.12123546140772985,914
2018-09-21,0.15607155779268456,859
2018-09-22,0.14598543899853142,543
2018-09-23,0.13618590047838589,353
2018-09-24,0.143323843543551,791
2018-09-25,0.13943584704311882,911
2018-09-26,0.17082344611080527,788
2018-09-27,0.1234785619433248,1052
2018-09-28,0.1638172940352607,782
2018-09-29,0.18958505633292586,486
2018-09-30,0.23486316094806645,93
2018-10-01,0.14711183340809214,533
2018-10-02,0.12293584946443716,874
2018-10-03,0.11086283236963597,1047
2018-10-04,0.09390187406381699,1091
2018-10-05,0.12776951359887986,978
2018-10-06,0.1551192207275006,470
2018-10-07,0.12077588216657505,294
2018-10-08,0.13393084045518375,691
2018-10-09,0.1341668912793725,817
2018-10-10,0.1145342879770174,887
2018-10-11,0.06871185880847169,1311
2018-10-12,0.1273433023342287,917
2018-10-13,0.17179204300500645,504
2018-10-14,0.16999743102015835,301
2018-10-15,0.13828389738633992,730
2018-10-16,0.11544870638257625,873
2018-10-17,0.13712298174798265,761
2018-10-18,0.12002256213126113,872
2018-10-19,0.07079701772718633,853
2018-10-20,0.11687101067430265,466
2018-10-21,0.12590922755695472,249
2018-10-22,0.13202830918513506,706
2018-10-23,0.08253500528036467,866
2018-10-24,0.10519536055710174,942
2018-10-25,0.11259541233525287,915
2018-10-26,0.10822406846805636,1065
2018-10-27,0.05198327677581821,568
2018-10-28,0.06459649167830095,341
2018-10-29,0.10708434124500743,932
2018-10-30,0.040793486299886834,1452
2018-10-31,0.04177623029071212,352
2018-11-01,0.1061365313861692,1294
2018-11-02,0.07534962361351323,5285
2018-11-03,0.10852697819048383,925
2018-11-04,0.12731580451832306,453
2018-11-05,0.07649819342247757,1658
2018-11-06,0.07241577674193239,1235
2018-11-07,0.12328936775760076,1040
2018-11-08,0.09164056910649304,922
2018-11-09,0.09727994607108784,842
2018-11-10,0.13574626149431654,521
2018-11-11,0.15219083612833628,269
2018-11-12,0.08012997045475115,1316
2018-11-13,0.01586025340069414,1821
2018-11-14,0.06493722545676553,1754
2018-11-15,0.107372890874235,1716
2018-11-16,0.12381014230876496,1209
2018-11-17,0.10281568556825264,553
2018-11-18,0.02447569120566412,320
2018-11-19,0.035111420535273774,1228
2018-11-20,0.08200059372615259,1960
2018-11-21,0.08574313101465733,1516
2018-11-22,0.14937250362335253,733
2018-11-23,0.12640877295897954,950
2018-11-24,0.14088345200193245,540
2018-11-25,0.1313758660674517,406
2018-11-26,0.11215809081440443,1047
2018-11-27,0.08365179521596633,1752
2018-11-28,0.11238033789029406,1229
2018-11-29,0.14371850015666054,1257
2018-11-30,0.08243768001868365,313
2018-12-01,0.146336161358483,286
2018-12-02,0.15517952440282198,437
2018-12-03,0.11680652206306512,886
2018-12-04,0.1000191057724222,1374
2018-12-05,0.07471774696366767,826
2018-12-06,0.10976105872517787,1131
2018-12-07,0.08746195423067274,1169
2018-12-08,0.052397974943264425,935
2018-12-09,0.0956983716051871,321
2018-12-10,0.08886431718447821,1553
2018-12-11,0.08307692693693039,1494
2018-12-12,0.09403131674108743,1119
2018-12-13,0.10122985421967552,1358
2018-12-14,0.10162264723875553,1240
2018-12-15,0.14944488547043044,696
2018-12-16,0.09280700608849236,441
2018-12-17,0.15840409963004898,941
2018-12-18,0.13440701987865786,1158
2018-12-19,0.0996246393680068,1036
2018-12-20,0.09838033096305827,1339
2018-12-21,0.07038667880401261,1308
2018-12-22,0.05006215131291741,851
2018-12-23,0.07343644520839146,405
2018-12-24,0.10039081803883464,830
2018-12-25,-0.033363158745370936,469
2018-12-26,0.08154593058046236,794
2018-12-27,0.12497929876409307,1172
2018-12-28,0.1038196691676131,934
2018-12-29,0.08447584869809878,556
2018-12-30,0.1283263617066016,299
2018-12-31,0.012591012486564912,101
2019-01-01,0.1185012094387094,235
2019-01-02,0.09936612506128477,687
2019-01-03,0.0355140009098423,7871
2019-01-04,0.04911381977820137,3237
2019-01-05,0.09685494630874776,1156
2019-01-06,0.10603129129854913,661
2019-01-07,0.10658667351564237,1268
2019-01-08,0.09950773293028012,1423
2019-01-09,0.0914026322210211,1833
2019-01-10,0.11359354513814805,1157
2019-01-11,0.11686866276558627,1089
2019-01-12,0.10724593118659706,626
2019-01-13,0.12788372888452595,407
2019-01-14,0.13944699152851406,805
2019-01-15,0.12088474587964687,1024
2019-01-16,0.10037700233242787,1239
2019-01-17,0.07305197335392416,1148
2019-01-18,0.09524566018504416,1220
2019-01-19,0.1012948669294184,823
2019-01-20,0.09941404831727484,581
2019-01-21,0.08228780312488226,592
2019-01-22,0.097192452404136,987
2019-01-23,0.09194997491607952,1058
2019-01-24,0.09937372878650748,1115
2019-01-25,0.09254131896860236,1157
2019-01-26,0.10233112099464672,790
2019-01-27,0.0921693198776537,541
2019-01-28,0.09937623356020568,1140
2019-01-29,0.07305382571175513,1856
2019-01-30,0.07068453532627961,4778
2019-01-31,0.1153101431486892,598
2019-02-01,0.08672326502869993,754
2019-02-02,0.10558207450234136,699
2019-02-03,0.09292783181224804,559
2019-02-04,0.12222558857942928,884
2019-02-05,0.12701773030909486,1351
2019-02-06,0.10705836320778096,1188
2019-02-07,0.12205688603095025,990
2019-02-08,0.10566823788577062,920
2019-02-09,0.10763649741661263,634
2019-02-10,0.092290557009913,509
2019-02-11,0.08961548853361098,835
2019-02-12,0.11759430457469175,986
2019-02-13,0.09902211448838157,1011
2019-02-14,0.1078424219360748,1034
2019-02-15,0.12129426605172752,1046
2019-02-16,0.08217670452151549,651
2019-02-17,0.09363241950526513,479
2019-02-18,0.08073320839177298,608
2019-02-19,0.10277239952815333,765
2019-02-20,0.0993914088144858,1010
2019-02-21,0.0740844585995255,1150
2019-02-22,0.13865339999636167,884
2019-02-23,0.14553155303479842,663
2019-02-24,0.15290498227578112,542
2019-02-25,0.1515686912803759,1022
2019-02-26,0.14161891372703914,1150
2019-02-27,0.1383935130348949,860
2019-02-28,0.16379668416188084,299
2019-03-01,0.13198923906336169,668
2019-03-02,0.11086499030342767,650
2019-03-03,0.1498740868156862,549
2019-03-04,0.1283487299667907,978
2019-03-05,0.1367775902338396,965
2019-03-06,0.18562663803059096,1050
2019-03-07,0.130486599026259,1050
2019-03-08,0.10771389529023087,948
2019-03-09,0.09480884339279966,687
2019-03-10,0.13099201821176976,476
2019-03-11,0.10409594849744867,1174
2019-03-12,0.13615373908635167,1669
2019-03-13,0.09655924373574848,1276
2019-03-14,0.12258354485387828,1354
2019-03-15,0.10453436535852542,1365
2019-03-16,0.16115894414720575,716
2019-03-17,0.16992939120266767,498
2019-03-18,0.08181165010986538,1004
2019-03-19,0.1598003997372111,1235
2019-03-20,0.13499224302446244,1007
2019-03-21,0.1239385759882444,1803
2019-03-22,0.11955647905716475,1471
2019-03-23,0.1280208851426294,692
2019-03-24,0.19345672014361195,538
2019-03-25,0.08076860356671489,2279
2019-03-26,0.07681686837250197,2668
2019-03-27,0.1134375207597314,1816
2019-03-28,0.1224882169283024,1076
2019-03-29,0.13070652439339747,1080
2019-03-30,0.11166447031921144,638
2019-03-31,0.11037348431005137,116
2019-04-01,0.07972290417086318,792
2019-04-02,0.10581298197303507,1046
2019-04-03,0.13540523624141476,1151
2019-04-04,0.1370078102539757,1064
2019-04-05,0.14055595999653578,1112
2019-04-06,0.13715336347493695,570
2019-04-07,0.16421706005634662,341
2019-04-08,0.08407905928104911,966
2019-04-09,0.13522851745245396,1590
2019-04-10,0.11083417016654844,1349
2019-04-11,0.13655645506812653,1045
2019-04-12,0.1264007056978574,1096
2019-04-13,0.1178748200264782,514
2019-04-14,0.15281786224041705,405
2019-04-15,0.13940965782486547,853
2019-04-16,0.1194782804114903,1105
2019-04-17,0.10122424291229136,1830
2019-04-18,0.11189445408339962,1225
2019-04-19,0.2190413125112637,536
2019-04-20,0.18365002915003004,314
2019-04-21,0.09378760099308492,255
2019-04-22,0.1933157630295909,715
2019-04-23,0.1902879316548253,1025
2019-04-24,0.1357227920345177,1060
2019-04-25,0.13927218146307302,917
2019-04-26,0.17746907375085652,827
2019-04-27,0.21955954242021566,566
2019-04-28,0.1900107105672416,383
2019-04-29,0.1241817471891174,806
2019-04-30,0.05965875139910254,329
2019-05-01,0.09595606453991484,2251
2019-05-02,0.10582750370169568,1720
2019-05-03,0.11360505789860025,1103
2019-05-04,0.1778865036894655,658
2019-05-05,0.14606082469350276,478
2019-05-06,0.10587614028084652,1081
2019-05-07,0.17032974267824558,1219
2019-05-08,0.1667418022481625,1144
2019-05-09,0.17199747830276715,1131
2019-05-10,0.1470551329062846,1318
2019-05-11,0.10263441458323193,668
2019-05-12,0.1511800627037046,439
2019-05-13,0.12195875694930168,1375
2019-05-14,0.12834216949786234,1605
2019-05-15,0.14126648432227967,1222
2019-05-16,0.11749858480058407,1227
2019-05-17,0.08119985952216817,1078
2019-05-18,0.127359842194991,614
2019-05-19,0.1027565732288958,109
2019-05-20,0.10438871446534134,787
2019-05-21,0.1591454904389406,1430
2019-05-22,0.11836215104998687,1417
2019-05-23,0.09726040287291077,1374
2019-05-24,0.11148959172115,1022
2019-05-25,0.13633483592346188,564
2019-05-26,0.16376289025110194,365
2019-05-27,0.210334531854862,478
2019-05-28,0.16394259643983966,940
2019-05-29,0.15716746485786712,1107
2019-05-30,0.12112457197140836,943
2019-05-31,0.05356045573958329,217
2019-06-01,0.10885351775595692,277
2019-06-02,0.08042689813680409,358
2019-06-03,0.05075055270667675,1192
2019-06-04,0.07244039320308103,1559
2019-06-05,0.12554292815103124,1172
2019-06-06,0.0911720579145264,923
2019-06-07,0.1214301221942678,892
2019-06-08,0.16666105558132402,514
2019-06-09,0.12592816892102626,313
2019-06-10,0.10302688682151016,627
2019-06-11,0.1790855653542355,897
2019-06-12,0.1506766829078563,831
2019-06-13,0.1310008634007778,717
2019-06-14,0.1353147830966187,773
2019-06-15,0.13976548432912106,387
2019-06-16,0.10751385437490896,263
2019-06-17,0.10484286379059712,566
2019-06-18,0.0995842577661673,808
2019-06-19,0.17978023613888505,850
2019-06-20,0.13137545002533882,818
2019-06-21,0.12306573653578814,744
2019-06-22,0.1106259189688876,371
2019-06-23,0.1422410123747197,256
2019-06-24,0.1416341794031315,495
2019-06-25,0.12142847903866415,641
2019-06-26,0.10251253161161968,881
2019-06-27,0.14324579361276632,779
2019-06-28,0.09883430341484599,1173
2019-06-29,0.12024555567888905,462
2019-06-30,0.10294888600847897,104
2019-07-01,0.12740798769425296,664
2019-07-02,0.06038959247227321,705
2019-07-03,0.11587749105983088,681
2019-07-04,0.1255541747958207,373
2019-07-05,0.09760443210815932,438
2019-07-06,0.07398215993939405,284
2019-07-07,0.11202511580219797,293
2019-07-08,0.057997277609237376,865
2019-07-09,0.09105774628999984,909
2019-07-10,0.07577682642214678,730
2019-07-11,0.10180074400513464,714
2019-07-12,0.11274147873129213,542
2019-07-13,0.1260974346268785,401
2019-07-14,0.10384173996666653,199
2019-07-15,0.1617941314322091,490
2019-07-16,0.14270759134618075,676
2019-07-17,0.12826133209800258,633
2019-07-18,0.13227900642762982,775
2019-07-19,0.08100277245218447,529
2019-07-20,0.10972195333095214,310
2019-07-21,0.18466831704166656,217
2019-07-22,0.1003368491928471,501
2019-07-23,0.11628191717484312,895
2019-07-24,0.08800378309947665,822
2019-07-25,0.1350678503743594,683
2019-07-26,0.10252852412765227,829
2019-07-27,0.11353045354879525,456
2019-07-28,0.17457326181778174,284
2019-07-29,0.12936604512902025,771
2019-07-30,0.12882764432188534,1082
2019-07-31,0.10792756807253596,1415
2019-08-01,0.062346198499104326,833
2019-08-02,0.0914020241841847,1065
2019-08-03,0.07244341502054136,530
2019-08-04,0.08804421192698425,360
2019-08-05,0.06541685157010957,838
2019-08-06,0.0790419651460815,1026
2019-08-07,0.05672978322040818,767
2019-08-08,0.1188054489183372,779
2019-08-09,0.12316829362975625,701
2019-08-10,0.13556326925209633,346
2019-08-11,0.15011058097093033,276
2019-08-12,0.09820892342252344,524
2019-08-13,0.12426404844971795,987
2019-08-14,0.11726263980407747,964
2019-08-15,0.08038870006793178,679
2019-08-16,0.06774790032570413,754
2019-08-17,0.10054230692176444,470
2019-08-18,0.14874226495828066,301
2019-08-19,0.10574515902226564,910
2019-08-20,0.0779380949072978,1115
2019-08-21,0.08601063328683989,1176
2019-08-22,0.058496707094054,1007
2019-08-23,0.09733013673260782,1103
2019-08-24,0.09035334460202593,580
2019-08-25,0.13178616060842258,373
2019-08-26,0.07234039473599846,888
2019-08-27,0.11754142608029802,962
2019-08-28,0.06147687840029702,895
2019-08-29,0.056460018368325836,1083
